datetime,close,realized_volatility,implied_volatility,realized_volatility_t-1,returns,iv_returns
2022-09-21,18488.05,0.0679901245861117,0.03994614655114437,0.0356237409074869,-0.025309234842210426,0.07087412715450256
2022-09-22,19396.32,0.0339466524768193,0.0403125178572329,0.0679901245861117,0.04795877992870491,0.009129826758364731
2022-09-23,19334.04,0.0350916763726381,0.03938239967267869,0.0339466524768193,-0.003216084419622865,-0.023343029841491322
2022-09-24,18885.03,0.0175792536676493,0.039078877861633395,0.0350916763726381,-0.02349772820894021,-0.007736894800557194
2022-09-25,18787.57,0.0187540247051119,0.03848078101937312,0.0175792536676493,-0.005174063771787453,-0.015423190531178105
2022-09-26,19138.19,0.0300776730487323,0.03992391518112285,0.0187540247051119,0.018490334246219514,0.036816599960803366
2022-09-27,19077.77,0.0460689038325306,0.04023823952316169,0.0300776730487323,-0.0031620323206417856,0.007842253096450123
2022-09-28,19485.84,0.0384990059276064,0.04040913386416701,0.0460689038325306,0.021164265066840403,0.004238069750242951
2022-09-29,19460.94,0.0346017405854435,0.04166542235043684,0.0384990059276064,-0.0012786681411202745,0.03061573943846817
2022-09-30,19386.45,0.0375865251431715,0.04064869199406345,0.0346017405854435,-0.003835011376342998,-0.024704926390441265
2022-10-01,19328.32,0.0140577615466502,0.03883706614223265,0.0375865251431715,-0.0030029905219355005,-0.04559155465594535
2022-10-02,19171.37,0.0158751130488358,0.03837448197098015,0.0140577615466502,-0.008153357570719895,-0.011982396863668924
2022-10-03,19523.63,0.023687355464509,0.04057954457772018,0.0158751130488358,0.018207506474682562,0.05587140481997998
2022-10-04,20302.2,0.0189106950874139,0.03698430440251371,0.023687355464509,0.039103727749194926,-0.09277049420245441
2022-10-05,20194.73,0.0214906008410407,0.03754090734901762,0.0189106950874139,-0.00530757527984914,0.014937583752313553
2022-10-06,19902.94,0.0230602958536124,0.03778838292361076,0.0214906008410407,-0.014554219768421667,0.006570524268239433
2022-10-07,19553.57,0.0257906241157768,0.03703444673432752,0.0230602958536124,-0.017709581055539374,-0.02015325296790954
2022-10-08,19363.08,0.0103841690552514,0.03536324548851255,0.0257906241157768,-0.009789718352183271,-0.04617545462393906
2022-10-09,19400.77,0.011055288434576,0.0345824871778325,0.0103841690552514,0.0019445958993707677,-0.02232561473856354
2022-10-10,19133.28,0.0198729899461587,0.03603243059426647,0.011055288434576,-0.01388352880619612,0.041071979778791394
2022-10-11,19040.43,0.016045107570435,0.0368989541961222,0.0198729899461587,-0.004864614055262796,0.02376382630119578
2022-10-12,19156.42,0.0091446775570597,0.037711779108601254,0.016045107570435,0.006073294343544845,0.021789279776378092
2022-10-13,19436.26,0.039247363488863,0.03752946073893703,0.0091446775570597,0.014502486206934848,-0.004846244609000879
2022-10-14,19161.16,0.0298792039641895,0.03529114325841584,0.039247363488863,-0.014255080184728855,-0.061494210979961064
2022-10-15,19063.71,0.0085383059209918,0.033776587228572866,0.0298792039641895,-0.005098785744580216,-0.043864156337448515
2022-10-16,19301.25,0.0177776045988608,0.03366844250382342,0.0085383059209918,0.012383332889949044,-0.003206902505953775
2022-10-17,19519.57,0.0126027847831965,0.033787522376861744,0.0177776045988608,0.011247691400849677,0.0035305994642417238
2022-10-18,19325.28,0.0182078829472952,0.03280403468453748,0.0126027847831965,-0.01000346868138471,-0.029540057384528758
2022-10-19,19140.42,0.0127930995524975,0.03336733500692008,0.0182078829472952,-0.009611754014682831,0.017025911129814403
2022-10-20,19035.08,0.0177721003121953,0.033150701471173244,0.0127930995524975,-0.005518736747745377,-0.006513550703851358
2022-10-21,19190.95,0.0173518960142998,0.03306169800969474,0.0177721003121953,0.008155221134800267,-0.0026884243973424363
2022-10-22,19195.87,0.0060188789710973,0.03355898697827223,0.0173518960142998,0.00025633798407572513,0.014929243223549325
2022-10-23,19592.16,0.0163039391161355,0.033605507520610374,0.0060188789710973,0.020434334486282107,0.0013852720883127333
2022-10-24,19362.0,0.0143482924593623,0.03452645142080437,0.0163039391161355,-0.011817103917252068,0.02703577027584369
2022-10-25,20070.0,0.0258489586369659,0.0347552960267877,0.0143482924593623,0.03591378051036705,0.0066062259307112636
2022-10-26,20822.64,0.0280685092755644,0.035564259373440515,0.0258489586369659,0.036814693492727035,0.02300921933107824
2022-10-27,20271.71,0.0258211811859448,0.03571995978381073,0.0280685092755644,-0.02681453827044981,0.004368446756314435
2022-10-28,20636.65,0.0185306339785039,0.03324910609038375,0.0258211811859448,0.0178423032082107,-0.0716817478937729
2022-10-29,20763.59,0.0155148374903102,0.029811676628366073,0.0185306339785039,0.006132350817563414,-0.1091277323092941
2022-10-30,20630.34,0.0152805182579896,0.031047607577899226,0.0155148374903102,-0.006438164255818863,0.04062160484823298
2022-10-31,20494.5,0.0225099307357591,0.03231739981949904,0.0152805182579896,-0.006606250335963994,0.040084024507497006
2022-11-01,20481.61,0.0122576034249484,0.031663673738609004,0.0225099307357591,-0.0006291471018201487,-0.02043569433903087
2022-11-02,20151.96,0.0262440231142375,0.03221082995664567,0.0122576034249484,-0.016225856229004555,0.017132645111924517
2022-11-03,20208.36,0.0143529321205731,0.029999298838417163,0.0262440231142375,0.00279482604260547,-0.07112872072379789
2022-11-04,21150.65,0.0311136410918722,0.02877197218599664,0.0143529321205731,0.04557425770426672,-0.04177228403547735
2022-11-05,21300.48,0.0179440776931809,0.02867356475318538,0.0311136410918722,0.007058969792170586,-0.0034261157372940227
2022-11-06,20910.75,0.0124529602522886,0.02946255510587108,0.0179440776931809,-0.01846622686969339,0.02714452907023131
2022-11-07,20593.45,0.0205682300380354,0.02996805285669295,0.0124529602522886,-0.015290316732921727,0.017011770837574918
2022-11-08,18547.24,0.0926801353053664,0.03133237333018048,0.0205682300380354,-0.10465207314856126,0.04451994526273523
2022-11-09,15896.26,0.0729971330812509,0.04048711179816081,0.0926801353053664,-0.15423712948974963,0.256331841527532
2022-11-10,17559.7,0.09153430200103,0.05499568734495629,0.0729971330812509,0.09952264234676544,0.30627107398664527
2022-11-11,17012.98,0.0736750285452406,0.04685310993834188,0.09153430200103,-0.03162992165088456,-0.16023738301252186
2022-11-12,16780.43,0.0182872466413853,0.04959514456758383,0.0736750285452406,-0.013763255672027143,0.05687554992089551
2022-11-13,16304.66,0.0208160189616169,0.04884778483432099,0.0182872466413853,-0.028762369931028108,-0.015183905973939774
2022-11-14,16590.86,0.0633151514739134,0.05057426043238405,0.0208160189616169,0.01740098479105583,0.034733728578560996
2022-11-15,16876.62,0.0245013348842145,0.04680769049250092,0.0633151514739134,0.017077290835199852,-0.077395243574928
2022-11-16,16650.26,0.0214015197471228,0.04357246307851079,0.0245013348842145,-0.013503400230742446,-0.07162214613054137
2022-11-17,16683.0,0.0186821548233174,0.04593744182489514,0.0214015197471228,0.0019644049533907165,0.05285514051967677
2022-11-18,16682.69,0.016771195440111,0.042556758274415206,0.0186821548233174,-1.858196248963505e-05,-0.0764418368072857
2022-11-19,16686.3,0.0102018118943494,0.041487672456527694,0.016771195440111,0.0002163685514056086,-0.02544233989963583
2022-11-20,16254.69,0.0193954103347313,0.04023079172702399,0.0102018118943494,-0.026206540943498727,-0.030763668084933058
2022-11-21,15760.06,0.0333537643086049,0.045420706404277686,0.0193954103347313,-0.03090259098986877,0.12133542348708351
2022-11-22,16203.72,0.0252111120585415,0.045761728337275334,0.0333537643086049,0.02776195397803491,0.007480026695936345
2022-11-23,16593.19,0.0247976709684171,0.04471579239384062,0.0252111120585415,0.023751524719676616,-0.023121379340530587
2022-11-24,16590.6,0.0173522918277888,0.04193109314293985,0.0247976709684171,-0.0001561003131504108,-0.06429910511925027
2022-11-25,16513.71,0.0142922615887803,0.04023297907141232,0.0173522918277888,-0.004645324930057263,-0.04134059729463666
2022-11-26,16452.95,0.0111259928390066,0.03662949397316433,0.0142922615887803,-0.003686152543153711,-0.09383327206328795
2022-11-27,16423.9,0.0091982945639071,0.03678070208627157,0.0111259928390066,-0.001767201393093491,0.004119545650756749
2022-11-28,16208.62,0.0227702664262604,0.03761970868230276,0.0091982945639071,-0.01319439155792163,0.022554772351160365
2022-11-29,16436.94,0.0142891632371534,0.038379868830425545,0.0227702664262604,0.013988041427156163,0.02000499276856053
2022-11-30,17167.6,0.0336783752068746,0.03665893543330268,0.0142891632371534,0.04349264553910673,-0.045875869846431806
2022-12-01,16980.25,0.0146500972532756,0.03644638047399211,0.0336783752068746,-0.0109729824770976,-0.005815050673979776
2022-12-02,17093.51,0.012220489435955,0.03430893542209709,0.0146500972532756,0.006647955325726144,-0.06043632422048457
2022-12-03,16889.31,0.0065419969600782,0.032900321586576194,0.012220489435955,-0.012017981894580166,-0.0419233957869306
2022-12-04,17110.8,0.0117906446214973,0.034073844266224285,0.0065419969600782,0.01302896568420551,0.03504762726368066
2022-12-05,16966.71,0.0180577737136091,0.034377781983140704,0.0117906446214973,-0.008456654181325927,0.008880423475479774
2022-12-06,17088.24,0.0098136132482629,0.033317122314903996,0.0180577737136091,0.007137318710364588,-0.03133903466064201
2022-12-07,16839.43,0.0119383324228108,0.033268112880365915,0.0098136132482629,-0.014667347362648145,-0.0014720814079799212
2022-12-08,17226.0,0.015879898581336,0.03451218424246739,0.0119383324228108,0.022696710106654677,0.03671306107499083
2022-12-09,17131.28,0.0093752050106296,0.03198720530870369,0.015879898581336,-0.005513838113857805,-0.07597643939530446
2022-12-10,17126.54,0.0050399715354735,0.03410251197916447,0.0093752050106296,-0.00027672514072678994,0.06403505791272057
2022-12-11,17089.25,0.006848043466103,0.03416709890873117,0.0050399715354735,-0.00217969626093495,0.001892114163114384
2022-12-12,17212.0,0.0102844480634348,0.035438065937864895,0.006848043466103,0.007157204124890697,0.036523390570800965
2022-12-13,17774.11,0.0264267222431119,0.03497157765679918,0.0102844480634348,0.0321360891359028,-0.013250886752545812
2022-12-14,17808.86,0.0240011210406713,0.03415555441743449,0.0264267222431119,0.0019531821569348635,-0.02361044418926023
2022-12-15,17358.94,0.0163998787807258,0.03146911226793725,0.0240011210406713,-0.025588438809052986,-0.0819187186039438
2022-12-16,16634.0,0.0256524025375794,0.03292130471268963,0.0163998787807258,-0.04265885401364215,0.04511350600862753
2022-12-17,16783.93,0.0109202861371573,0.035993720933312184,0.0256524025375794,0.008973087560045013,0.08922449687306289
2022-12-18,16745.38,0.0083382995582678,0.035322651222665424,0.0109202861371573,-0.0022994816765668103,-0.018820068876274413
2022-12-19,16440.09,0.0140942524625068,0.037290641721274144,0.0083382995582678,-0.01839953526437006,0.05421796713196632
2022-12-20,16902.85,0.0180815548591847,0.0359305351031703,0.0140942524625068,0.0277593826987115,-0.037154909030050136
2022-12-21,16824.5,0.0096363037321641,0.03385866209089935,0.0180815548591847,-0.004646089357123843,-0.05939263099375884
2022-12-22,16819.01,0.0117176112427081,0.03322123447666129,0.0096363037321641,-0.0003263630964029383,-0.019005598815463858
2022-12-23,16779.49,0.007109094989643,0.03225679670884735,0.0117176112427081,-0.0023524870590023524,-0.029460492441830414
2022-12-24,16837.97,0.0036936169345897,0.030983835194245444,0.007109094989643,0.003479147977813144,-0.04026314856059345
2022-12-25,16829.77,0.0050567890832868,0.030281243063241908,0.0036936169345897,-0.0004871131927560823,-0.02293714312497362
2022-12-26,16918.88,0.0057599984024519,0.030857715183482216,0.0050567890832868,0.005280816096896035,0.018858326056349628
2022-12-27,16698.93,0.0091752178264994,0.029946497569336455,0.0057599984024519,-0.013085512620006609,-0.02997443093966291
2022-12-28,16539.4,0.012094875552128,0.030411434641693994,0.0091752178264994,-0.009599232271450708,0.015406302088811165
2022-12-29,16628.8,0.0069631502452723,0.03226558522526067,0.012094875552128,0.005390718609737788,0.05918251208785816
2022-12-30,16599.81,0.0114394836747195,0.030704925675395837,0.0069631502452723,-0.0017448823381584935,-0.04957810213091328
2022-12-31,16530.46,0.0051237908086415,0.028322631996843182,0.0114394836747195,-0.004186509876958246,-0.08076188492707716
2023-01-01,16614.75,0.0045287714045352,0.02718556839390684,0.0051237908086415,0.00508611541185403,-0.04097494350424648
2023-01-02,16668.05,0.0097237500436119,0.02634199021034369,0.0045287714045352,0.0032028582669693753,-0.03152200680446974
2023-01-03,16670.33,0.0080641077673648,0.027527890052862762,0.0097237500436119,0.00013677929182858743,0.0440354225361187
2023-01-04,16849.12,0.0122334629293238,0.027013060513758055,0.0080641077673648,0.010667937307727306,-0.018879202696131896
2023-01-05,16825.91,0.0057567680024396,0.02543510922267519,0.0122334629293238,-0.0013784696658183423,-0.06018999932634054
2023-01-06,16951.9,0.0102187178663667,0.024633493484204225,0.0057567680024396,0.007459961690167641,-0.03202343180019584
2023-01-07,16943.5,0.0031637981638021,0.023924602345825833,0.0102187178663667,-0.0004956424867070545,-0.029199724316680796
2023-01-08,17125.46,0.0089030883029152,0.02322213022347858,0.0031637981638021,0.010681965648473603,-0.029801603384408144
2023-01-09,17179.66,0.0101992375407079,0.02398406967803866,0.0089030883029152,0.003159880804860407,0.03228413359206717
2023-01-10,17444.5,0.0082349822785628,0.024677711516600302,0.0101992375407079,0.01529828681413394,0.028510621961665043
2023-01-11,17943.41,0.0198381154102253,0.025107723344870332,0.0082349822785628,0.028198503885619473,0.017275033283676296
2023-01-12,18853.12,0.045457343795249,0.026323154662523024,0.0198381154102253,0.04945550083291889,0.04727345548354942
2023-01-13,19934.68,0.0320264928044479,0.028433900891380526,0.045457343795249,0.05578251109599816,0.07713316936685599
2023-01-14,20958.4,0.0484803185821037,0.03319251002829977,0.0320264928044479,0.05007859212631762,0.15474212227317596
2023-01-15,20878.9,0.018229762448517,0.03958030695448733,0.0484803185821037,-0.0038004410268915197,0.1760074465237572
2023-01-16,21191.04,0.0272732804950062,0.037551384089341854,0.018229762448517,0.014839371196081206,-0.0526214580036912
2023-01-17,21137.0,0.0165261507308868,0.03539996014189104,0.0272732804950062,-0.0025533915277374955,-0.05899954322959993
2023-01-18,20674.12,0.0322210327462684,0.03442691787562803,0.0165261507308868,-0.02214238278126216,-0.027871939430607045
2023-01-19,21084.37,0.0150331260946664,0.03442083961085126,0.0322210327462684,0.01964933116975383,-0.0001765711771731692
2023-01-20,22674.01,0.0314604355215817,0.03135772109289145,0.0150331260946664,0.07268732693790153,-0.09320165998614051
2023-01-21,22785.39,0.0304819938711444,0.032289783924166995,0.0314604355215817,0.00490020646429601,0.02929036941188695
2023-01-22,22714.99,0.0215887790985322,0.03554057636611501,0.0304819938711444,-0.0030944821198473256,0.09592414696531872
2023-01-23,22921.16,0.0228035647217707,0.03378647126497126,0.0215887790985322,0.00903544241255746,-0.050614576055716044
2023-01-24,22635.92,0.0183128565105987,0.035304417396638095,0.0228035647217707,-0.012522476305387059,0.043947630893632954
2023-01-25,23066.27,0.040796853678017,0.03353430815383996,0.0183128565105987,0.018833352195148523,-0.05143905605598158
2023-01-26,23010.79,0.0190681311376249,0.03333840807191976,0.040796853678017,-0.002408140919206467,-0.005858910879120476
2023-01-27,23081.33,0.024033889534503,0.03131292756382588,0.0190681311376249,0.0030608292728644703,-0.06267909440509256
2023-01-28,23031.17,0.0079003497658415,0.030416190331135604,0.024033889534503,-0.002175549787325035,-0.02905599015918074
2023-01-29,23747.95,0.0214806066530288,0.030042169903788617,0.0079003497658415,0.030647695123561157,-0.012372985223907848
2023-01-30,22832.8,0.0256573076114147,0.03197037819931172,0.0214806066530288,-0.03929811230271256,0.062207734718992776
2023-01-31,23129.25,0.0197623154147514,0.03071999478291733,0.0256573076114147,0.012899951633060165,-0.039896054368177745
2023-02-01,23733.4,0.0231047755889839,0.031894277407038076,0.0197623154147514,0.02578528843853729,0.037512863616748375
2023-02-02,23495.98,0.0309679937994094,0.031373326839831545,0.0231047755889839,-0.010053996047399072,-0.016468533853460043
2023-02-03,23434.76,0.0173501015490445,0.031248434929191996,0.0309679937994094,-0.0026089524573944473,-0.003988775553439664
2023-02-04,23328.74,0.0093569754991165,0.029286560830832715,0.0173501015490445,-0.004534313370364277,-0.06484055657840537
2023-02-05,22938.31,0.0147474586750738,0.029579201802684845,0.0093569754991165,-0.01687763831669557,0.009942736476392475
2023-02-06,22763.21,0.0204679517220359,0.030199112979277434,0.0147474586750738,-0.0076628023225712326,0.02074107984198378
2023-02-07,23246.99,0.0308065876447076,0.029798722682751147,0.0204679517220359,0.02103002506658392,-0.013347022804580368
2023-02-08,22963.65,0.0133744092955966,0.02917296974347433,0.0308065876447076,-0.012263130344726638,-0.02122294275920672
2023-02-09,21798.78,0.026548813448164,0.029025268970546535,0.0133744092955966,-0.05205852601578501,-0.005075792439799679
2023-02-10,21634.29,0.0166207192131792,0.02886618035722277,0.026548813448164,-0.007574448982295677,-0.0054961143878872794
2023-02-11,21866.8,0.0085103765480448,0.027073328569589206,0.0166207192131792,0.010689948880327853,-0.06412162237792565
2023-02-12,21789.88,0.0122582581709359,0.026148279998542166,0.0085103765480448,-0.003523862996309607,-0.03476564371960203
2023-02-13,21789.28,0.0195596548980211,0.026047277426116164,0.0122582581709359,-2.7536097531036682e-05,-0.0038701645687477626
2023-02-14,22209.64,0.032358292800132,0.027800567612517722,0.0195596548980211,0.019108323129588444,0.06514318886000031
2023-02-15,24329.72,0.0353226071118978,0.026927368663496414,0.032358292800132,0.09117221944333002,-0.031913246385425184
2023-02-16,23518.05,0.0437957889852531,0.028873835883851492,0.0353226071118978,-0.033930436873308,0.06979266049929425
2023-02-17,24574.87,0.0325348126205833,0.032090362829804805,0.0437957889852531,0.04395616466036007,0.10561990937085838
2023-02-18,24640.02,0.0135531758927177,0.03314963583584892,0.0325348126205833,0.002647574262852276,0.03247596953826312
2023-02-19,24279.86,0.0254401452796941,0.03212318386753267,0.0135531758927177,-0.014724750241230506,-0.031453722916667974
2023-02-20,24842.01,0.0249454600781444,0.03261170053226315,0.0254401452796941,0.022888971553928744,0.015093127700817397
2023-02-21,24454.8,0.0280097030052482,0.03305998042727304,0.0249454600781444,-0.01570965599477032,0.013652364344436925
2023-02-22,24189.51,0.0234806230782122,0.03340053401068431,0.0280097030052482,-0.010907447558712965,0.010248387842489564
2023-02-23,23946.38,0.0275628512387582,0.030952994756210134,0.0234806230782122,-0.01010190390510584,-0.07610213264379738
2023-02-24,23193.51,0.0215367706422344,0.02985306293931235,0.0275628512387582,-0.031944666049374806,-0.03618230994818807
2023-02-25,23162.32,0.0124737856954029,0.027452066281853052,0.0215367706422344,-0.0013456777586204752,-0.08384600609968705
2023-02-26,23558.0,0.018842641711228,0.027288654075140396,0.0124737856954029,0.016938645137177563,-0.005970425345605171
2023-02-27,23494.5,0.022034219958987,0.02770131580120351,0.018842641711228,-0.002699114331903374,0.015008899752211317
2023-02-28,23141.88,0.0160573230204934,0.027430949109311722,0.022034219958987,-0.015122388141223955,-0.009808008421197964
2023-03-01,23633.63,0.0242945709759399,0.027310198884251298,0.0160573230204934,0.0210267346191162,-0.004411687563484553
2023-03-02,23467.25,0.0131920698319517,0.029337058308187017,0.0242945709759399,-0.00706486554110301,0.07159128759799882
2023-03-03,22360.79,0.0422821451833291,0.029258621301515908,0.0131920698319517,-0.04829685353058181,-0.0026772299269749522
2023-03-04,22347.92,0.0070135646097026,0.028289831442105434,0.0422821451833291,-0.0005757267590809927,-0.033671848518958436
2023-03-05,22429.69,0.0139595049776695,0.028399271549997843,0.0070135646097026,0.003652275809046365,0.0038610681092384742
2023-03-06,22408.35,0.0104496263418405,0.02765129755041316,0.0139595049776695,-0.0009518704034017246,-0.026690840640752635
2023-03-07,22198.14,0.0136080698841181,0.028144722118391353,0.0104496263418405,-0.009425155673067918,0.017687191103740927
2023-03-08,21700.85,0.0173810019774344,0.02804775974860392,0.0136080698841181,-0.022657071298210724,-0.0034510832339412537
2023-03-09,20365.59,0.0366332930104828,0.02757155605505812,0.0173810019774344,-0.06350471833122025,-0.01712409882181888
2023-03-10,20217.94,0.0337657933956752,0.02967687040646196,0.0366332930104828,-0.007276382880086214,0.07358330461583328
2023-03-11,20616.68,0.0325969828752066,0.02979861568858329,0.0337657933956752,0.019530127821252453,0.004093970815820168
2023-03-12,22185.15,0.0387671507079329,0.03317819756496215,0.0325969828752066,0.0733226892371069,0.10743102132098949
2023-03-13,24204.79,0.0660572309775332,0.03345623293170528,0.0387671507079329,0.08712740132737642,0.00834514464171533
2023-03-14,24748.1,0.0674994816641274,0.034278769456082214,0.0660572309775332,0.022198170930531107,0.024288091246369665
2023-03-15,24371.4,0.0396146177748528,0.03498703366299905,0.0674994816641274,-0.015338404722506947,0.02045132983999533
2023-03-16,25052.25,0.0264070493334712,0.03534137202973629,0.0396146177748528,0.02755333018791257,0.010076763764784212
2023-03-17,27450.01,0.0433060734352123,0.03425418088833151,0.0264070493334712,0.09140288839764994,-0.03124566285233727
2023-03-18,26979.5,0.0307736055712935,0.03664571134577153,0.0433060734352123,-0.01728921389242077,0.06748777800860753
2023-03-19,28057.14,0.0277320507427061,0.03723768603847402,0.0307736055712935,0.03916582667027562,0.01602490902563521
2023-03-20,27807.62,0.0329359572152007,0.0399486240927689,0.0277320507427061,-0.008933061174776382,0.07027291686261551
2023-03-21,28184.17,0.0252746024064661,0.03733212184775589,0.0329359572152007,0.013450388954555645,-0.06774009929357884
2023-03-22,27318.56,0.0479791259888462,0.03847154699001012,0.0252746024064661,-0.031194148136752295,0.030064797255196497
2023-03-23,28346.5,0.0422833621406692,0.03527697357223234,0.0479791259888462,0.036937241087140714,-0.08668848449009393
2023-03-24,27491.19,0.0343660443169968,0.0364495697065058,0.0422833621406692,-0.030637976053451258,0.03269920899183314
2023-03-25,27491.78,0.0166861576392251,0.035944015547828084,0.0343660443169968,2.1461190620305737e-05,-0.013967049026107608
2023-03-26,28075.8,0.018924056496175,0.03415808899290771,0.0166861576392251,0.021020944421543335,-0.05096317979980505
2023-03-27,27108.42,0.0264721125337609,0.03501774466669681,0.018924056496175,-0.0350636145858606,0.02485549896527577
2023-03-28,27226.84,0.0253858866687838,0.03478593503382555,0.0264721125337609,0.004358870740504436,-0.006641784101423177
2023-03-29,28398.1,0.0279170669265662,0.03350783645566044,0.0253858866687838,0.04211899004513326,-0.037433803864171056
2023-03-30,27908.64,0.0328031645995894,0.03558096200773681,0.0279170669265662,-0.017385923214190753,0.060031384226606525
2023-03-31,28578.68,0.020244652490681,0.034711137812451304,0.0328031645995894,0.02372466698443203,-0.024750109877456652
2023-04-01,28533.77,0.0117604920031376,0.03253838366109995,0.020244652490681,-0.001572687190148302,-0.06464018168598587
2023-04-02,28121.51,0.0155139069507474,0.032329569156223516,0.0117604920031376,-0.01455353416477142,-0.006438162978353504
2023-04-03,27809.99,0.0297986651940274,0.03297314862509438,0.0155139069507474,-0.011139455273107076,0.019711287013958044
2023-04-04,28197.41,0.0169152286380825,0.03399133482928883,0.0297986651940274,0.01383482109159592,0.03041208194886853
2023-04-05,28182.68,0.0226265345477855,0.03279339883892629,0.0169152286380825,-0.0005225248961165669,-0.03587839394743171
2023-04-06,28024.27,0.01474024798513,0.031849200706318304,0.0226265345477855,-0.0056366844107158505,-0.02921495408455823
2023-04-07,27978.98,0.0101302312660833,0.031448200937235056,0.01474024798513,-0.0016174064852748596,-0.012670508533520804
2023-04-08,27966.47,0.0083686788875205,0.03005810447059213,0.0101302312660833,-0.0004472213632566989,-0.04520945346737259
2023-04-09,28387.18,0.0133251396746979,0.030494081533828744,0.0083686788875205,0.014931342201833182,0.014400292573038851
2023-04-10,29618.26,0.0273036275142616,0.0321207071042877,0.0133251396746979,0.04245342822133118,0.05196828657861739
2023-04-11,30295.94,0.0258763410249004,0.034099642141927566,0.0273036275142616,0.022622647115744778,0.05978598657174755
2023-04-12,29866.06,0.0177277311132044,0.032811319712366505,0.0258763410249004,-0.014290991531592403,-0.03851332082863192
2023-04-13,30336.36,0.0126781964280472,0.030708501765357474,0.0177277311132044,0.015624274484332092,-0.06623402231148975
2023-04-14,30466.27,0.0224294429107481,0.030485338090840693,0.0126781964280472,0.00427317692277777,-0.0072936970244846236
2023-04-15,30379.62,0.009530966000698,0.029481619654900388,0.0224294429107481,-0.0028481811532832767,-0.03347884308227975
2023-04-16,30350.55,0.0101151687491946,0.029504460382189186,0.009530966000698,-0.0009573496079548343,0.0007744446966479048
2023-04-17,29521.67,0.0171380714379481,0.030838518184114885,0.0101151687491946,-0.02769006930448021,0.04422304772351581
2023-04-18,30373.72,0.0211834036419182,0.03059986786814571,0.0171380714379481,0.028453190907240782,-0.007768808121498458
2023-04-19,29089.25,0.0300719175937557,0.03049917270715654,0.0211834036419182,-0.04320907073604766,-0.0032961320245877635
2023-04-20,28250.64,0.0247906588077938,0.030517195651004178,0.0300719175937557,-0.02925257791596922,0.000590757688691096
2023-04-21,27263.93,0.0259722448272482,0.03085083779519002,0.0247906588077938,-0.03555152904774266,0.010873590460391333
2023-04-22,27860.12,0.0133803363541442,0.030168883847082252,0.0259722448272482,0.02163169243757557,-0.022352850008771352
2023-04-23,27594.98,0.0152911437623518,0.030260871438656443,0.0133803363541442,-0.009562403470699775,0.003044449284609974
2023-04-24,27465.18,0.0266858048532372,0.030143324787814448,0.0152911437623518,-0.004714851553374273,-0.003892007726800887
2023-04-25,28237.73,0.021335222496691,0.029455230685423533,0.0266858048532372,0.0277400063890917,-0.023091991853442285
2023-04-26,28307.75,0.0665407525409277,0.029499772078075012,0.021335222496691,0.0024765917908560133,0.0015110304143296299
2023-04-27,29402.05,0.0445865474980683,0.03084570445960157,0.0665407525409277,0.03792878105612041,0.044614963948584836
2023-04-28,29367.38,0.0198433430244137,0.030651657786664007,0.0445865474980683,-0.0011798652470155313,-0.006310752521779064
2023-04-29,29221.65,0.0082828868434608,0.028263756262985582,0.0198433430244137,-0.004974661657129595,-0.0811064621414055
2023-04-30,29392.19,0.0201720405507774,0.028132229540632343,0.0082828868434608,0.005819119895144477,-0.004664408607976417
2023-05-01,28026.55,0.0356816037389932,0.0292966346424822,0.0201720405507774,-0.04757671760618169,0.04055677298150834
2023-05-02,28753.45,0.0224508139085847,0.029461150041633934,0.0356816037389932,0.02560548485420181,0.005599796858861697
2023-05-03,29117.22,0.0228506412806535,0.02968025916732368,0.0224508139085847,0.012571991694315597,0.0074097026469679295
2023-05-04,28792.19,0.0155554242743503,0.029316358341979293,0.0228506412806535,-0.011225581928002007,-0.012336484898068448
2023-05-05,29618.95,0.0210938974385482,0.02843449093938447,0.0155554242743503,0.028310189380140526,-0.030542787423651935
2023-05-06,28892.37,0.0168199120965947,0.028307824557599816,0.0210938974385482,-0.024836812770623086,-0.004464625423806252
2023-05-07,28783.75,0.0143632677549488,0.027868355503253592,0.0168199120965947,-0.0037665546300744133,-0.015646418798285436
2023-05-08,27677.62,0.0274022961044917,0.028300016787960805,0.0143632677549488,-0.03918684739590355,0.015370564093250558
2023-05-09,27592.29,0.0176830554387787,0.02830117542274607,0.0274022961044917,-0.0030877585216429583,4.094029613769336e-05
2023-05-10,27694.62,0.0466262689327635,0.028685504898364893,0.0176830554387787,0.0037017846305424144,0.013488601216514337
2023-05-11,26919.36,0.0168598369650176,0.02801663653210922,0.0466262689327635,-0.02839244015438706,-0.02359344378385442
2023-05-12,26699.84,0.0349811218428842,0.02879340008616177,0.0168598369650176,-0.00818815746941555,0.027347701612978066
2023-05-13,26904.19,0.0115828481367463,0.027838652631371374,0.0349811218428842,0.007624463681038953,-0.03372075977156182
2023-05-14,26910.87,0.0114988983132833,0.026819154376319012,0.0115828481367463,0.0002482576451391334,-0.037309089669806214
2023-05-15,27313.53,0.0172743234668657,0.026695165848162842,0.0114988983132833,0.014851889610158956,-0.004633853125628279
2023-05-16,27001.96,0.0185948652405586,0.028686198532879882,0.0172743234668657,-0.011472727853015383,0.07193362510810884
2023-05-17,27334.7,0.0181035168469946,0.027688273347647237,0.0185948652405586,0.012247501383978166,-0.03540714103878433
2023-05-18,26890.97,0.0248795156179385,0.027531903374391094,0.0181035168469946,-0.016366414826472806,-0.00566352375196042
2023-05-19,26878.99,0.0096823702234841,0.026116522366260587,0.0248795156179385,-0.00044560197546097865,-0.052777300059617525
2023-05-20,27078.87,0.0092577247094155,0.02579512655810082,0.0096823702234841,0.007408778416473767,-0.012382573907548353
2023-05-21,26764.38,0.0115471488955831,0.025685305916937972,0.0092577247094155,-0.011681819964292411,-0.004266506805495211
2023-05-22,26873.99,0.0145024687771342,0.026060830473067554,0.0115471488955831,0.004087005349847164,0.014514364737184005
2023-05-23,27203.91,0.0133817475173017,0.02641030524152749,0.0145024687771342,0.012201808624630628,0.013320845123521498
2023-05-24,26349.63,0.0186524896720736,0.027718555071647298,0.0133817475173017,-0.031906479827855834,0.04834776307728741
2023-05-25,26458.33,0.0169162591144269,0.02845785199680634,0.0186524896720736,0.004116809417431587,0.026322068230531338
2023-05-26,26701.12,0.0125677186284764,0.02693308594891662,0.0169162591144269,0.009134469531486137,-0.05506862359940513
2023-05-27,26815.78,0.0087043790830948,0.02538709170396443,0.0125677186284764,0.004285008116767521,-0.05911464753631903
2023-05-28,28095.93,0.0192191873584136,0.024526491928649675,0.0087043790830948,0.04663420578300393,-0.034487007641820666
2023-05-29,27694.59,0.0164958946999965,0.02786964765546074,0.0192191873584136,-0.014387638732524927,0.1277843624097563
2023-05-30,27743.26,0.0141159060689938,0.026492607491283394,0.0164958946999965,0.0017558405495176092,-0.05067246750160153
2023-05-31,27191.21,0.0205198133795585,0.0252977626576424,0.0141159060689938,-0.02009916849950599,-0.046149772162957875
2023-06-01,26891.61,0.0203141176650612,0.02502095390988076,0.0205198133795585,-0.01107941726186308,-0.01100232911233074
2023-06-02,27275.84,0.0152674036294169,0.02411253062493973,0.0203141176650612,0.014186986631083417,-0.03698198188983652
2023-06-03,27080.5,0.0072153023012794,0.023773342782397854,0.0152674036294169,-0.007187416993899721,-0.014166746525062399
2023-06-04,27243.87,0.0071153698178426,0.023133466778572403,0.0072153023012794,0.006014629990286854,-0.027284554437411616
2023-06-05,25720.23,0.02775517171495,0.023957935843989846,0.0071153698178426,-0.057550699888170735,0.03501927209802492
2023-06-06,27159.73,0.025817583843815,0.022649322178344634,0.02775517171495,0.054457519764577536,-0.05616969387186563
2023-06-07,26283.23,0.0256446876592067,0.02440365981696219,0.025817583843815,-0.03280426833357103,0.07460318796950142
2023-06-08,26553.54,0.015738056097358,0.02507079413427671,0.0256446876592067,0.010231978915508888,0.02697047479502483
2023-06-09,26494.83,0.0116110314848769,0.023221983520537837,0.015738056097358,-0.002213452514004634,-0.07660419278902099
2023-06-10,25892.1,0.0306775733336299,0.02283945124841776,0.0116110314848769,-0.023011716746554684,-0.01661003695782641
2023-06-11,25904.86,0.011535626785137,0.024252150538088272,0.0306775733336299,0.0004926930174327267,0.06001593683646512
2023-06-12,25931.68,0.015098125528882,0.023986548194048708,0.011535626785137,0.0010347913804903495,-0.011012114135501608
2023-06-13,25840.02,0.0165177545264583,0.025981933211864497,0.015098125528882,-0.0035409343626365535,0.07990823871718299
2023-06-14,25033.96,0.028583718699984,0.025272896641457765,0.0165177545264583,-0.03169114983030984,-0.02766887750595462
2023-06-15,25611.65,0.0221684144432602,0.025307810603715307,0.028583718699984,0.022814023016271237,0.0013805250936240855
2023-06-16,26357.12,0.0183390885310575,0.026673685737912695,0.0221684144432602,0.028691121122349256,0.05256445893861234
2023-06-17,26564.91,0.0151916711617016,0.025356811472005338,0.0183390885310575,0.007852724764515668,-0.050630135477350006
2023-06-18,26401.93,0.0110568273014634,0.023979142420017804,0.0151916711617016,-0.0061540584399774525,-0.05586300440640621
2023-06-19,26749.86,0.0204218590115652,0.025303874380253784,0.0110568273014634,0.013092126142701409,0.05377313490984752
2023-06-20,28225.09,0.026312782663933,0.025027415386978034,0.0204218590115652,0.053682059009715,-0.01098568206476323
2023-06-21,30116.56,0.0437843103414367,0.029297080881236896,0.026312782663933,0.06486388788872162,0.15751604292924293
2023-06-22,29930.75,0.0272335164317563,0.030771756421561658,0.0437843103414367,-0.006188806561484572,0.04910938754548325
2023-06-23,30669.12,0.0308864898753765,0.028614054125094657,0.0272335164317563,0.024369905160689192,-0.07269926987627442
2023-06-24,30534.2,0.0143702018204406,0.029330255132854928,0.0308864898753765,-0.004408918292476333,0.024721581548736087
2023-06-25,30515.94,0.014998348832,0.027625677408812613,0.0143702018204406,-0.0005981968442501539,-0.05987390052773352
2023-06-26,30234.12,0.0179125271206652,0.027755867888388398,0.014998348832,-0.009278082084258909,0.004701592153068765
2023-06-27,30588.93,0.0181614100442846,0.02762268338062198,0.0179125271206652,0.011667090839699518,-0.004809976479799193
2023-06-28,30103.15,0.01660025629982,0.02698684012500922,0.0181614100442846,-0.01600836135774557,-0.0232879523889652
2023-06-29,30414.37,0.0184264937498956,0.026650872670036005,0.01660025629982,0.010285376652320507,-0.012527448739475115
2023-06-30,30479.2,0.0358777495263129,0.024405978201849494,0.0184264937498956,0.0021292896604437443,-0.08799378510602254
2023-07-01,30581.31,0.0061927519198049,0.02513586377791608,0.0358777495263129,0.0033445542850490833,0.029467551534718087
2023-07-02,30650.51,0.0096758320310111,0.025353409918966948,0.0061927519198049,0.002260263681879635,0.008617572462999792
2023-07-03,31122.41,0.0145025113811335,0.026088542921903473,0.0096758320310111,0.01527883674932182,0.02858301488455211
2023-07-04,30827.06,0.0120501633268071,0.026842563478449048,0.0145025113811335,-0.009535262780957966,0.028492567727654565
2023-07-05,30444.03,0.012897777424169,0.0255512638058532,0.0120501633268071,-0.012502959869621667,-0.04930203772000154
2023-07-06,30165.23,0.0298515011646006,0.025466287944102328,0.012897777424169,-0.009199979226200042,-0.0033312433630706593
2023-07-07,30315.24,0.013601323448952,0.026393853593597572,0.0298515011646006,0.004960619770886092,0.0357756285326157
2023-07-08,30227.79,0.0067599210782351,0.02479466770016865,0.013601323448952,-0.002888856432119838,-0.06250254665896995
2023-07-09,30185.41,0.0069192262954345,0.024255181123104486,0.0067599210782351,-0.0014030048715120117,-0.021998368838932792
2023-07-10,30347.61,0.0196812291363694,0.024166817617927785,0.0069192262954345,0.005359071402474134,-0.003649729691524295
2023-07-11,30585.41,0.0113114196407103,0.024361396213044617,0.0196812291363694,0.0078053314046632166,0.008019237573544996
2023-07-12,30367.87,0.0115393925733722,0.024132549475524016,0.0113114196407103,-0.0071379562722600175,-0.009438227105538884
2023-07-13,31321.92,0.0227406681375042,0.02264190831344815,0.0115393925733722,0.030933030329225213,-0.06375899065401597
2023-07-14,30257.07,0.0225740762365795,0.025021846039688905,0.0227406681375042,-0.03458829574857963,0.09994674563239017
2023-07-15,30297.5,0.0048268712056287,0.023105797525286013,0.0225740762365795,0.0013353246834229954,-0.07966572371910531
2023-07-16,30345.02,0.0090204777472604,0.023807678931299266,0.0048268712056287,0.001567217514260235,0.029924611651861697
2023-07-17,30114.63,0.0153185809904944,0.02329153429614708,0.0090204777472604,-0.007621318190652528,-0.02191821319101201
2023-07-18,29822.69,0.013883568719197,0.023650614713448086,0.0153185809904944,-0.009741587001858369,0.0152991470919057
2023-07-19,29875.15,0.0113166227391069,0.023616087557436338,0.013883568719197,0.0017575179773173944,-0.0014609507536632643
2023-07-20,29815.01,0.0168992135464615,0.02223002438476822,0.0113166227391069,-0.002015073182915765,-0.06048433105231181
2023-07-21,29931.67,0.0091007030676262,0.02294627685569504,0.0168992135464615,0.0039051591907027904,0.03171186992991842
2023-07-22,29813.55,0.004770447841278,0.021530843456172823,0.0091007030676262,-0.003954129013227027,-0.06366920837146664
2023-07-23,30016.96,0.0116132174392641,0.0215223012470554,0.004770447841278,0.00679956710066929,-0.0003968216160932314
2023-07-24,29162.28,0.0227303579343556,0.0216538504878356,0.0116132174392641,-0.028886461870556542,0.006093625418395523
2023-07-25,29207.75,0.0079526552331207,0.021324691825078047,0.0227303579343556,0.0015579916336375546,-0.01531764833810353
2023-07-26,29475.22,0.0091851850956523,0.021026969437535913,0.0079526552331207,0.009115825330199197,-0.014059769230221238
2023-07-27,29200.54,0.0081351512010843,0.021412877415473673,0.0091851850956523,-0.009362708094156801,0.01818661673788719
2023-07-28,29298.84,0.0090467930658558,0.020193236836339945,0.0081351512010843,0.0033607225416885313,-0.058644751172895145
2023-07-29,29356.05,0.0040359735068687,0.01991061617395006,0.0090467930658558,0.0019507331150753798,-0.014094672703004282
2023-07-30,29155.43,0.0091362339101512,0.019678420645460798,0.0040359735068687,-0.006857484588685669,-0.01173042891184251
2023-07-31,29209.96,0.009586862699542,0.020522881576805613,0.0091362339101512,0.0018685736826657285,0.04201780151436913
2023-08-01,29237.25,0.0146963710575997,0.020774242761903563,0.009586862699542,0.0009338342063950263,0.01217345242692863
2023-08-02,29169.21,0.0201582735301992,0.020680913007398362,0.0146963710575997,-0.0023298803173039118,-0.0045026926304183685
2023-08-03,29214.32,0.0119467535519557,0.020467734050058924,0.0201582735301992,0.001545299127226531,-0.010361500551488245
2023-08-04,29028.28,0.0077752064133671,0.020221420480578182,0.0119467535519557,-0.006388472792446526,-0.012107235018298352
2023-08-05,29066.07,0.0043758080957039,0.019126332950136674,0.0077752064133671,0.001300987284656093,-0.0556763883667478
2023-08-06,29057.56,0.0057124695378292,0.019037378757470236,0.0043758080957039,-0.00029282410822606604,-0.004661724438206518
2023-08-07,29146.91,0.0119132095040422,0.019223082781510078,0.0057124695378292,0.0030702133422391316,0.009707435554891106
2023-08-08,29760.48,0.0132704105187199,0.020439094835642095,0.0119132095040422,0.020832435119868854,0.061337695244644726
2023-08-09,29579.62,0.0148669426332274,0.022560231761858764,0.0132704105187199,-0.006095728184858736,0.09873921932473091
2023-08-10,29437.9,0.0083419064684896,0.021614150064918982,0.0148669426332274,-0.004802650887496604,-0.04284050390236278
2023-08-11,29406.61,0.0063222654167018,0.020636517491165865,0.0083419064684896,-0.001063480788575256,-0.046285995632473875
2023-08-12,29415.57,0.0028757144985021,0.018415376413428063,0.0063222654167018,0.00030464699095799085,-0.11387620989816565
2023-08-13,29296.14,0.0035536198842078,0.018161956355540246,0.0028757144985021,-0.004068359266975085,-0.013856894076002664
2023-08-14,29417.85,0.010768809191787,0.018983193548956914,0.0035536198842078,0.004145866234992239,0.04422494146616665
2023-08-15,29158.34,0.0080391648360216,0.01958618205222036,0.010768809191787,-0.008860654742753238,0.03127028260700353
2023-08-16,28880.29,0.0104216796204263,0.01950984567656885,0.0080391648360216,-0.009581622696913298,-0.0039050756352743024
2023-08-17,26808.82,0.0518664542372382,0.020513087917828694,0.0104216796204263,-0.0744284176740329,0.050143872809443525
2023-08-18,26068.72,0.0223352071405887,0.02860866464524523,0.0518664542372382,-0.027994809692131622,0.3326465141193042
2023-08-19,26056.58,0.0143547528107079,0.02435116061914842,0.0223352071405887,-0.00046580068486904504,-0.16113011914332515
2023-08-20,26209.02,0.0083289802170783,0.024118616219767644,0.0143547528107079,0.0058332988528150475,-0.00959551286661477
2023-08-21,26135.29,0.0141285765922585,0.024291640888500422,0.0083289802170783,-0.002817117992807434,0.007148295251349786
2023-08-22,25802.62,0.014643811946792,0.02411300710800297,0.0141285765922585,-0.012810471175153165,-0.007380885879778156
2023-08-23,26448.55,0.0185799243967262,0.02377826203650279,0.014643811946792,0.02472529922645849,-0.013979605429005004
2023-08-24,26113.65,0.0134282214212067,0.024580642167507168,0.0185799243967262,-0.01274317026216566,0.03318742590777193
2023-08-25,26051.81,0.0171868371245699,0.023606692248457684,0.0134282214212067,-0.0023709185721048544,-0.040428987724029246
2023-08-26,26027.51,0.0038461853102752,0.02044784660073228,0.0171868371245699,-0.0009331919757581275,-0.14365266543652055
2023-08-27,26079.25,0.0053492268760183,0.02002849276262119,0.0038461853102752,0.001985923400524165,-0.02072167839568308
2023-08-28,26047.91,0.0110668399936072,0.020342297941109505,0.0053492268760183,-0.0012024443217752822,0.015546462843850754
2023-08-29,27643.01,0.046253423549094,0.02039366567034765,0.0110668399936072,0.05943535846054099,0.0025219855828009664
2023-08-30,27240.8,0.0167397336014362,0.022687505321059027,0.046253423549094,-0.014657043689309037,0.1065900002844955
2023-08-31,26047.19,0.0253512137140374,0.02117408884792634,0.0167397336014362,-0.04480595652640839,-0.06903613656362953
2023-09-01,25760.1,0.0227608414304233,0.02011385479356148,0.0253512137140374,-0.011083109683083514,-0.05136933917486106
2023-09-02,25862.92,0.0067841153248832,0.02013133525111197,0.0227608414304233,0.003983499452940581,0.0008686980297705835
2023-09-03,25950.26,0.0070865799367075,0.019656920769022104,0.0067841153248832,0.0033713461603915515,-0.02384809056079108
2023-09-04,25767.05,0.008439359362075,0.020958679341737473,0.0070865799367075,-0.0070850849127249834,0.06412337067026282
2023-09-05,25759.62,0.0089244710731545,0.021432862771102658,0.008439359362075,-0.0002883943422502736,0.022372538679681274
2023-09-06,25735.76,0.0143908913724765,0.02219226622791989,0.0089244710731545,-0.0009266851398115184,0.03481847242973826
2023-09-07,26324.52,0.0124436331059835,0.02194595366868662,0.0143908913724765,0.022619359800830047,-0.011161080656576568
2023-09-08,25906.27,0.0154732692258976,0.022250986376790568,0.0124436331059835,-0.016015799885825476,0.013803559755111062
2023-09-09,25910.14,0.0034689415933943,0.022399737248482522,0.0154732692258976,0.00014937352885667954,0.0066628896429539895
2023-09-10,25847.52,0.007970117313428,0.022239760321900705,0.0034689415933943,-0.0024197396309673775,-0.007167536382381972
2023-09-11,25140.8,0.0191417795578422,0.02277640753960014,0.007970117313428,-0.027722633793904876,0.023843550763296893
2023-09-12,25971.89,0.0356949162999154,0.024705101622976917,0.0191417795578422,0.03252277485318522,0.08128452255247924
2023-09-13,26251.41,0.0145958729194401,0.02419676862982081,0.0356949162999154,0.010704902573870988,-0.020790669193463084
2023-09-14,26617.75,0.0227546615341237,0.024478886263236785,0.0145958729194401,0.013858584598814883,0.011591864272680174
2023-09-15,26771.12,0.0150972336810109,0.023568338422536892,0.0227546615341237,0.005745408055702075,-0.03790674180078243
2023-09-16,26573.3,0.0078408105370643,0.021570754434215956,0.0150972336810109,-0.0074167422499721745,-0.08856578314825356
2023-09-17,26500.35,0.0054327055821152,0.021614531051435116,0.0078408105370643,-0.002749011833203781,0.0020273864915528513
2023-09-18,26878.45,0.0207742514945371,0.02179048527698457,0.0054327055821152,0.014166909849730784,0.008107596967695772
2023-09-19,27199.38,0.0213401428930487,0.0226693331878162,0.0207742514945371,0.011869328622656685,0.03953963089126722
2023-09-20,27095.57,0.0152781197529176,0.02314020684447784,0.0213401428930487,-0.0038239330359994676,0.02055861032565989
2023-09-21,26592.69,0.0139573588317498,0.023569726401925093,0.0152781197529176,-0.018733879898682658,0.018391448432612756
2023-09-22,26584.79,0.0084049124832788,0.02358549381066746,0.0139573588317498,-0.0002971182560028755,0.000668745019486889
2023-09-23,26574.03,0.0033511083418473,0.020671334632995027,0.0084049124832788,-0.00040482464234349125,-0.1318839137947768
2023-09-24,26498.96,0.0086630921088384,0.02085360867572781,0.0033511083418473,-0.002828936152444962,0.008779071030290738
2023-09-25,26283.88,0.0166353048286078,0.021476493706362457,0.0086630921088384,-0.008149663428984225,0.02943200980346757
2023-09-26,26151.5,0.0080585819720781,0.021674894955927525,0.0166353048286078,-0.005049273267553044,0.00919565528630199
2023-09-27,26321.14,0.01805760360098,0.021890727558514966,0.0080585819720781,0.006465868346537316,0.009908471678284356
2023-09-28,27019.0,0.0200349743038835,0.02063696893139267,0.01805760360098,0.02616790363563655,-0.05897907227910615
2023-09-29,26888.0,0.0143649997046778,0.021653102988479004,0.0200349743038835,-0.004860231801873446,0.04806469355134327
2023-09-30,27018.45,0.0050660273769685,0.018686955581478006,0.0143649997046778,0.0048398755489407,-0.14732305131857457
2023-10-01,27991.0,0.0265283386539079,0.020120033299619776,0.0050660273769685,0.03536306396279447,0.07389028231803434
2023-10-02,27560.39,0.0283164684466141,0.020833600136503157,0.0265283386539079,-0.01550343294580947,0.0348510742635408
2023-10-03,27410.23,0.0158859775351442,0.021257175903560622,0.0283164684466141,-0.005463295611101662,0.020127453401061677
2023-10-04,27759.27,0.0140072183902195,0.021042483245282823,0.0158859775351442,0.012653537085236127,-0.010151122074431642
2023-10-05,27444.3,0.01852853130796,0.02093651377545092,0.0140072183902195,-0.011411342342852328,-0.005048700657178321
2023-10-06,27990.04,0.0225875584350703,0.02026927116045239,0.01852853130796,0.019690236488143296,-0.032388701960159756
2023-10-07,27970.51,0.0063553321005937,0.019619457109105627,0.0225875584350703,-0.0006979917385696485,-0.03258421977933788
2023-10-08,27933.88,0.0085574747438836,0.02070138678545141,0.0063553321005937,-0.0013104518354285753,0.053678909019197765
2023-10-09,27596.75,0.0141003252477417,0.020953275864135455,0.0085574747438836,-0.012142276867744042,0.012094307480593078
2023-10-10,27450.54,0.0120501375035521,0.020580335651860772,0.0141003252477417,-0.005312172273220326,-0.017958960087009986
2023-10-11,26782.08,0.0177249606413029,0.021547439993851263,0.0120501375035521,-0.02465283274340496,0.04592097581728196
2023-10-12,26746.95,0.0102972753445637,0.02122711412971613,0.0177249606413029,-0.0013125589999867884,-0.014977682826976833
2023-10-13,26834.38,0.0132259381851784,0.020731885279801205,0.0102972753445637,0.0032634530570639867,-0.023606466049694498
2023-10-14,26853.88,0.0054712824461688,0.019852774479359223,0.0132259381851784,0.0007264158256378092,-0.04332909720186235
2023-10-15,27113.5,0.0105083623071165,0.020259265337341525,0.0054712824461688,0.009621441796700431,0.02026846680675905
2023-10-16,28524.02,0.0730093223254892,0.02104130627771019,0.0105083623071165,0.05071478050053948,0.037875234952150685
2023-10-17,28429.06,0.0178454379652725,0.023608412021001644,0.0730093223254892,-0.0033346778785924764,0.115115618704439
2023-10-18,28351.71,0.0172030875819363,0.022669675477935237,0.0178454379652725,-0.002724515636097372,-0.040574940717012266
2023-10-19,28672.78,0.0136923779472873,0.02209705023354934,0.0172030875819363,0.011260894848508953,-0.025584023351952406
2023-10-20,29677.26,0.0245579196470094,0.021753008569566586,0.0136923779472873,0.034432855314743493,-0.015692053014050248
2023-10-21,30013.93,0.0158838835828102,0.024458112760255536,0.0245579196470094,0.011280511247819687,0.11720989811322782
2023-10-22,30046.05,0.0134611114550519,0.02542698732748064,0.0158838835828102,0.0010695975277450456,0.03884913206653734
2023-10-23,33332.82,0.0490999370176929,0.02706144998254198,0.0134611114550519,0.1038112924475296,0.06229910210269072
2023-10-24,34150.5,0.0538904559392458,0.03097049566463979,0.0490999370176929,0.024234729996649485,0.13492479323868992
2023-10-25,34618.3,0.026197657206761,0.030201234581505955,0.0538904559392458,0.013605216780508874,-0.02515219479978893
2023-10-26,34239.12,0.0195356562607792,0.03222164642120947,0.026197657206761,-0.011013593969871437,0.0647556720704644
2023-10-27,33823.84,0.0187843867774435,0.03038157106211018,0.0195356562607792,-0.012202970701017345,-0.05880226627066729
2023-10-28,34120.58,0.0119302451280615,0.026073132442516026,0.0187843867774435,0.008734841998997097,-0.15293083373609093
2023-10-29,34542.38,0.0138482315904878,0.02761188561931152,0.0119302451280615,0.012286254654658794,0.05734094261458616
2023-10-30,34493.9,0.0177235930658379,0.02986418445579051,0.0138482315904878,-0.0014044791512273398,0.07841359971395133
2023-10-31,34659.14,0.0123276083169518,0.029768491975694988,0.0177235930658379,0.004778974705591857,-0.0032094002134381095
2023-11-01,35439.11,0.0265737467045261,0.030112549758719187,0.0123276083169518,0.022254541039039462,0.011491502460620522
2023-11-02,34947.41,0.020364308805718,0.03294943990536719,0.0265737467045261,-0.013971652486407818,0.090032242117388
2023-11-03,34733.59,0.0188842917870388,0.03275643348191627,0.020364308805718,-0.006137129809151591,-0.0058748774994466894
2023-11-04,35089.8,0.0096011632383527,0.0318492650514306,0.0188842917870388,0.01020325969018653,-0.02808507854130407
2023-11-05,35039.77,0.0175556026952958,0.034114041032607435,0.0096011632383527,-0.001426787829649479,0.06869475358277528
2023-11-06,35056.85,0.0147346062545051,0.03281836071831416,0.0175556026952958,0.000487327358666632,-0.038720923256184606
2023-11-07,35422.36,0.0183127216368349,0.03130473932381899,0.0147346062545051,0.010372229679849635,-0.04721863458992164
2023-11-08,35634.45,0.0158421347710639,0.030454147631246903,0.0183127216368349,0.0059696074124347374,-0.02754730609350408
2023-11-09,36710.0,0.0374332308923309,0.03161610090634467,0.0158421347710639,0.029736330938084594,0.037444317096311075
2023-11-10,37321.62,0.0198107532931596,0.032085721521934375,0.0374332308923309,0.01652358588841321,0.014744605593681823
2023-11-11,37140.31,0.0137186159505546,0.031241592696401595,0.0198107532931596,-0.00486988071152344,-0.026660812505590072
2023-11-12,37084.25,0.0085171910857516,0.03212658950881171,0.0137186159505546,-0.001510551511781161,0.02793371459366162
2023-11-13,36482.14,0.0164485268430439,0.032157503913588334,0.0085171910857516,-0.01636952540758343,0.0009618058065049424
2023-11-14,35559.52,0.0277921596578119,0.031167776410920788,0.0164485268430439,-0.02561491352437824,-0.031261072911228524
2023-11-15,37885.45,0.0252513955071959,0.03097428116728456,0.0277921596578119,0.06335922112290276,-0.006227533381541585
2023-11-16,36167.94,0.0286980210584125,0.03331347752490994,0.0252513955071959,-0.04639404229888115,0.07280482520429075
2023-11-17,36629.5,0.0216453105554749,0.030833582759452374,0.0286980210584125,0.012680835617999119,-0.0773576002695842
2023-11-18,36589.25,0.009629719808737,0.030568143637013184,0.0216453105554749,-0.0010994452665320808,-0.008646036245787293
2023-11-19,37386.4,0.0140365327591963,0.029797364934670546,0.009629719808737,0.02155252050773652,-0.025538444476933944
2023-11-20,37478.67,0.0239296790671576,0.031044638039909176,0.0140365327591963,0.002464969223162025,0.04100614095099917
2023-11-21,35760.42,0.0287809741179778,0.031676460593396565,0.0239296790671576,-0.04693027594549229,0.020147731469797397
2023-11-22,37425.19,0.0255719695650557,0.030560838363005507,0.0287809741179778,0.04550231191032772,-0.03585443974492469
2023-11-23,37304.42,0.0163355251876352,0.030441045122616504,0.0255719695650557,-0.003232188824236747,-0.003927531005052189
2023-11-24,37742.12,0.0223760501830369,0.029579390716910427,0.0163355251876352,0.011664893894718156,-0.028714006996482713
2023-11-25,37805.02,0.0058120802941629,0.029556402838742873,0.0223760501830369,0.0016651858570506937,-0.0007774607540805566
2023-11-26,37462.5,0.0125314237145794,0.02894725342609779,0.0058120802941629,-0.009101465397863096,-0.02082507201163792
2023-11-27,37243.5,0.0179907107184128,0.029272521459176106,0.0125314237145794,-0.0058629996878190845,0.011173915324410167
2023-11-28,37836.87,0.0170404190805701,0.028092838507402507,0.0179907107184128,0.015806591105597397,-0.0411345553533842
2023-11-29,37864.1,0.0163177198008493,0.027862852817654736,0.0170404190805701,0.0007194095709580382,-0.008220325024423627
2023-11-30,37732.12,0.0113275149103406,0.028451970931574564,0.0163177198008493,-0.00349171252457515,0.020923073759492747
2023-12-01,38705.4,0.0178785977786181,0.027254930007660893,0.0113275149103406,0.025467404078427902,-0.042983012747351286
2023-12-02,39470.13,0.0151003916981267,0.028315080651418793,0.0178785977786181,0.019565058124700857,0.03816012546749009
2023-12-03,39982.39,0.013704178748905,0.029223359193163986,0.0151003916981267,0.012894923865381182,0.031573813910083216
2023-12-04,41987.93,0.0303393404587167,0.029811934378837085,0.013704178748905,0.04894308885371586,0.019940434015436572
2023-12-05,44092.41,0.0338880224067168,0.030375334296740327,0.0303393404587167,0.048905462767668,0.018722111403199626
2023-12-06,43770.45,0.0216256497665994,0.03101616247129479,0.0338880224067168,-0.007328726632488335,0.020877531406622515
2023-12-07,43288.67,0.0228287866299531,0.030022059812339644,0.0216256497665994,-0.011067994213143952,-0.03257600014112926
2023-12-08,44188.45,0.0186043906835025,0.0293241452478596,0.0228287866299531,0.020572504767267182,-0.023521191962975637
2023-12-09,43726.6,0.0124130242630105,0.03005108835102503,0.0186043906835025,-0.01050683014480982,0.02448763177285027
2023-12-10,43792.46,0.0098396402667732,0.030105835032796582,0.0124130242630105,0.0015050438711735681,0.001820129548059256
2023-12-11,41233.9,0.0386323496054878,0.030650208024455523,0.0098396402667732,-0.060200922882500896,0.017920441576404603
2023-12-12,41475.8,0.0321091281412021,0.03117062861138381,0.0386323496054878,0.005849391056298212,0.01683681131419974
2023-12-13,42886.07,0.0263022204051971,0.03011434494018972,0.0321091281412021,0.03343693996136975,-0.03447462645363271
2023-12-14,43040.24,0.0258260323025517,0.030031805163103303,0.0263022204051971,0.003588427466157998,-0.002744642134514615
2023-12-15,41936.32,0.0166204980274172,0.030071536072167823,0.0258260323025517,-0.025983214818908543,0.0013220867271314044
2023-12-16,42240.59,0.0113089268822895,0.029394846319205845,0.0166204980274172,0.0072293298762355195,-0.022759715193651102
2023-12-17,41343.7,0.0167342171742391,0.029234125723673742,0.0113089268822895,-0.021461555161627538,-0.005482647657944555
2023-12-18,42654.53,0.0262220998336836,0.02951844240429081,0.0167342171742391,0.031213429720183847,0.009678518202335631
2023-12-19,42266.7,0.0245715290623535,0.03033749700468834,0.0262220998336836,-0.00913393968380568,0.027369238061830017
2023-12-20,43671.47,0.0266169284131387,0.031169360434178218,0.0245715290623535,0.03269548650524761,0.02705110261499671
2023-12-21,43874.76,0.0214357092620498,0.03149078201141265,0.0266169284131387,0.004644183202113325,0.010259293512675767
2023-12-22,44007.82,0.0191190827201518,0.031873028188528996,0.0214357092620498,0.003028133713768916,0.012065272365692029
2023-12-23,43737.8,0.0078402266343623,0.03152533279894626,0.0191190827201518,-0.0061546286264840995,-0.010968702350236054
2023-12-24,43026.59,0.0135788096488979,0.03150145923842404,0.0078402266343623,-0.01639442009953879,-0.000757568674916487
2023-12-25,43595.11,0.0169440505605534,0.03261729291550969,0.0135788096488979,0.013126691428390558,0.03480873547282151
2023-12-26,42519.76,0.0208210080655973,0.03233681055474435,0.0169440505605534,-0.024976079046552014,-0.008636378277588064
2023-12-27,43470.55,0.0159692578910544,0.03291045152888711,0.0208210080655973,0.022114788269432976,0.017584055989980474
2023-12-28,42592.76,0.018117608562419,0.035254744689738285,0.0159692578910544,-0.020399411544591305,0.06880983835452119
2023-12-29,42071.62,0.0221810105023011,0.03488723520355723,0.018117608562419,-0.012310881669159016,-0.010479112503158116
2023-12-30,42147.77,0.0155789628859515,0.034402868112146504,0.0221810105023011,0.0018083726503411355,-0.013981072567610706
2023-12-31,42279.81,0.015758439035149,0.03469870627736814,0.0155789628859515,0.0031278903802115982,0.008562466927901103
2024-01-01,44200.64,0.0182035332441524,0.03563734908562868,0.015758439035149,0.04442960147541344,0.026691816337988807
2024-01-02,44976.66,0.0272029149058521,0.03656233018241804,0.0182035332441524,0.01740441993273725,0.02562426087504391
2024-01-03,42861.0,0.0516699302686124,0.03482541913896308,0.0272029149058521,-0.04818136699843908,-0.04867092522757932
2024-01-04,44198.05,0.0270155383074425,0.03549778821532287,0.0516699302686124,0.030718348912251003,0.01912283557641444
2024-01-05,44186.06,0.0262168852364633,0.03578312276633981,0.0270155383074425,-0.00027131573930097016,0.008005960393560095
2024-01-06,43994.41,0.0099118511078308,0.03704242720798783,0.0262168852364633,-0.0043467743313222494,0.03458758586409824
2024-01-07,43948.15,0.015409848887167,0.03905498979550777,0.0099118511078308,-0.0010520504353468078,0.052906710772714
2024-01-08,46988.75,0.0375796356399059,0.03935816801351208,0.015409848887167,0.06689768139893498,0.00773287895161871
2024-01-09,46120.43,0.0308178924250472,0.03692486312296589,0.0375796356399059,-0.018652192495048996,-0.0638184052113775
2024-01-10,46672.56,0.0434843859745907,0.03548189272467541,0.0308178924250472,0.011900392820813208,-0.039862619256520515
2024-01-11,46345.43,0.0485400747369104,0.03453291378455776,0.0434843859745907,-0.007033722158065068,-0.027109610273125057
2024-01-12,42778.37,0.0523514314147494,0.03202200144933187,0.0485400747369104,-0.08009008851246609,-0.0754896801472881
2024-01-13,42845.08,0.0166955544305423,0.03171321472791855,0.0523514314147494,0.00155821830346484,-0.009689749434020076
2024-01-14,41708.8,0.0178092946958776,0.030363948351525193,0.0166955544305423,-0.026878681599174857,-0.04347746723057329
2024-01-15,42491.52,0.0236562155524637,0.03180517606925178,0.0178092946958776,0.018592388894095355,0.0463730508381715
2024-01-16,43131.96,0.019308973302922,0.031049263891852454,0.0236562155524637,0.014959727023731226,-0.02405394510219266
2024-01-17,42742.74,0.0141044227188049,0.030434357270988692,0.019308973302922,-0.009064897234154082,-0.020002957276953247
2024-01-18,41287.27,0.02506326297707,0.028137291701736702,0.0141044227188049,-0.034645136391459594,-0.07847634029965732
2024-01-19,41626.62,0.0278894201028319,0.026606161769702274,0.02506326297707,0.008185646454122947,-0.05595296889562956
2024-01-20,41666.75,0.0081978816396288,0.026175952293861427,0.0278894201028319,0.0009635821699861351,-0.016301696535298255
2024-01-21,41557.85,0.0075491503100033,0.026613194233483854,0.0081978816396288,-0.002617016174367127,0.016565978719475478
2024-01-22,39519.89,0.0320449988661446,0.026393221196632875,0.0075491503100033,-0.05028234298284071,-0.008299912298027222
2024-01-23,39873.28,0.0268001295616021,0.026948569771013203,0.0320449988661446,0.008902335903454685,0.02082302189988034
2024-01-24,40076.62,0.022853024273292,0.027576270203561702,0.0268001295616021,0.005086696504758565,0.02302540144557586
2024-01-25,39938.68,0.01453895525989,0.026115527080446864,0.022853024273292,-0.0034478440160385314,-0.05442558293285017
2024-01-26,41816.48,0.0273203882918606,0.024950362473930076,0.01453895525989,0.04594524233734733,-0.045641694633040804
2024-01-27,42124.15,0.0092331108099686,0.024143088025472412,0.0273203882918606,0.007330690222897677,-0.03289022109794552
2024-01-28,42032.34,0.0168332151806823,0.023718403850216053,0.0092331108099686,-0.0021818884419452897,-0.0177468484481551
2024-01-29,43302.55,0.0216527241821488,0.02483230146787345,0.0168332151806823,0.02977220274391793,0.04589400366572836
2024-01-30,42947.51,0.0182617377752606,0.024886203581393925,0.0216527241821488,-0.00823285236851552,0.002168292654231238
2024-01-31,42552.5,0.0253117703299514,0.025613216508772668,0.0182617377752606,-0.009240064660869234,0.028794911258922466
2024-02-01,43076.89,0.0244178443810279,0.025125974785339115,0.0253117703299514,0.012248050710229507,-0.019206325084936332
2024-02-02,43182.92,0.0173105544989863,0.024578157131388178,0.0244178443810279,0.0024583882900016405,-0.022044036038827243
2024-02-03,43000.21,0.0077761892490403,0.02319990848100462,0.0173105544989863,-0.004240047297654781,-0.057709793134044424
2024-02-04,42571.88,0.0108796888843709,0.02277697980837465,0.0077761892490403,-0.010011057981852865,-0.018397965494738183
2024-02-05,42656.73,0.0188935949139199,0.023311100587702405,0.0108796888843709,0.0019911160825603048,0.02317929880724724
2024-02-06,43090.49,0.0132051735896751,0.023167714216348945,0.0188935949139199,0.010117265607739295,-0.006169986340476993
2024-02-07,44339.55,0.0194626413953685,0.023450788491822187,0.0132051735896751,0.028574732175854465,0.012144437859510845
2024-02-08,45299.4,0.0158508325603065,0.024112377711084945,0.0194626413953685,0.0214167320812911,0.027821187908900633
2024-02-09,47149.44,0.0279465088419899,0.0246619143076294,0.0158508325603065,0.04002834465243985,0.02253481614926371
2024-02-10,47767.48,0.0161581009898553,0.02602389070821337,0.0279465088419899,0.013022941216087191,0.053754866738672934
2024-02-11,48314.38,0.0180630227115352,0.027144905016967723,0.0161581009898553,0.011384165678559195,0.04217437874408359
2024-02-12,49939.71,0.0331856754843513,0.027858112222023165,0.0180630227115352,0.03308723895115881,0.02593483836399531
2024-02-13,49727.81,0.0241579318068972,0.029472171573350726,0.0331856754843513,-0.0042521439135924585,0.05632227501063846
2024-02-14,51845.12,0.0274938226898291,0.02848813425240725,0.0241579318068972,0.0416964786463218,-0.03395882306789409
2024-02-15,51935.42,0.0241836238679853,0.0299890894204771,0.0274938226898291,0.0017402110798076158,0.051345970968868684
2024-02-16,52163.0,0.0164712682235579,0.030125459512573057,0.0241836238679853,0.004372407622935611,0.004537015695609031
2024-02-17,51664.81,0.0155006137115986,0.02976072717737936,0.0164712682235579,-0.009596539180306313,-0.012181000833744337
2024-02-18,52148.38,0.0142478615741997,0.029987331561949833,0.0155006137115986,0.009316224604931327,0.007585366817836257
2024-02-19,51782.0,0.0150549597862228,0.03063379519063627,0.0142478615741997,-0.007050518197316145,0.021328806324120222
2024-02-20,52272.0,0.0278057900270758,0.030596456293870086,0.0150549597862228,0.009418256329528191,-0.0012196226698182305
2024-02-21,51857.5,0.0202692042696322,0.03017780911659233,0.0278057900270758,-0.007961282620550925,-0.013777338041256377
2024-02-22,51269.08,0.0218550343200458,0.029440066454799418,0.0202692042696322,-0.011411730820444539,-0.024750305666715072
2024-02-23,50739.55,0.0134389071654417,0.030230590406420656,0.0218550343200458,-0.010382156028519936,0.026497787926684835
2024-02-24,51568.49,0.010023551520746,0.028408143003253655,0.0134389071654417,0.01620514165549368,-0.06217850954504125
2024-02-25,51731.81,0.0118263814796527,0.02961928691161823,0.010023551520746,0.003162045726488932,0.04174990445679264
2024-02-26,54524.25,0.0268904866981776,0.03016126594090132,0.0118263814796527,0.05257268406372382,0.018132782433940075
2024-02-27,57069.85,0.0356461044595418,0.030872143512663243,0.0268904866981776,0.04563039935910958,0.023295756432946756
2024-02-28,62500.68,0.0560204788416241,0.031923542478203074,0.0356461044595418,0.09090148048915425,0.03348947345774826
2024-02-29,61178.77,0.0447946367638112,0.036856310704352,0.0560204788416241,-0.021377202771861517,0.14368311150514745
2024-03-01,62438.5,0.0268301315011698,0.03580296521467486,0.0447946367638112,0.020381838385225847,-0.028996140620298514
2024-03-02,62030.53,0.013604403619014,0.03528877823472583,0.0268301315011698,-0.006555389095228177,-0.014465700836208826
2024-03-03,63146.3,0.0205612913589707,0.0353642662065861,0.013604403619014,0.017827573221529898,0.0021368647644716588
2024-03-04,68345.39,0.0361224994673984,0.038610764594169664,0.0205612913589707,0.07911985750831953,0.08782923195837829
2024-03-05,63817.33,0.0749609906515334,0.040639396212736746,0.0361224994673984,-0.06854933037114139,0.05120683310093485
2024-03-06,66117.88,0.0492475701733139,0.04012216883892698,0.0749609906515334,0.03541442596287339,-0.012808925760405295
2024-03-07,66941.06,0.0250075190310598,0.040638000193637246,0.0492475701733139,0.01237332121110779,0.012774573796357082
2024-03-08,68289.5,0.0444870337541182,0.0381113229659625,0.0250075190310598,0.01994349049598903,-0.0641921655378304
2024-03-09,68467.06,0.0099891483359088,0.03910600522934659,0.0444870337541182,0.002596732467886072,0.025764612938511882
2024-03-10,69030.78,0.0181690277661783,0.04051119691545708,0.0099891483359088,0.008199738388704527,0.03530236132441063
2024-03-11,72105.5,0.0340375994199878,0.043290405701482466,0.0181690277661783,0.04357783223529418,0.06635263017274737
2024-03-12,71477.06,0.0438140506314661,0.04474365972807014,0.0340375994199878,-0.008753765262640755,0.033018719505123646
2024-03-13,73129.75,0.0211701137217754,0.042284040194282134,0.0438140506314661,0.022858701648118276,-0.05654003814375776
2024-03-14,71377.44,0.0368361542274477,0.04187538182789286,0.0211701137217754,-0.02425340767625799,-0.00971160610325987
2024-03-15,69502.33,0.0638326929049468,0.040980585308398085,0.0368361542274477,-0.02662157584244179,-0.021599682891143987
2024-03-16,65254.62,0.0329097867346453,0.04169940495655388,0.0638326929049468,-0.06306342889466952,0.017388433585384645
2024-03-17,68349.62,0.0354354514529758,0.04122612835679908,0.0329097867346453,0.04633915524092191,-0.01141462031232787
2024-03-18,67589.0,0.0320855071910651,0.041483615520116104,0.0354354514529758,-0.011190755620115215,0.006226303772149953
2024-03-19,61908.5,0.0564648592080135,0.04038503331057367,0.0320855071910651,-0.08778775939627133,-0.02683928881644367
2024-03-20,67859.19,0.0592083715516621,0.041897560881493635,0.0564648592080135,0.0917773344268107,0.0367683586621608
2024-03-21,65488.46,0.0316688016064159,0.04238802368445257,0.0592083715516621,-0.03556087903230779,0.011638249684673158
2024-03-22,63815.25,0.0391344206761422,0.04124813267716568,0.0316688016064159,-0.025881753911796642,-0.027260018742454414
2024-03-23,64015.77,0.0228728603613915,0.039325315220535215,0.0391344206761422,0.003137269255419448,-0.047737378631818914
2024-03-24,67202.75,0.0251916233981569,0.03982211555300184,0.0228728603613915,0.04858471005420617,0.012553960433534388
2024-03-25,69894.42,0.0367285514811101,0.039562942631021,0.0251916233981569,0.03927164841629003,-0.0065295371377332495
2024-03-26,69993.44,0.0308625854686314,0.041360870959811405,0.0367285514811101,0.0014157056450527098,0.04444240001329736
2024-03-27,69436.38,0.0405200698542298,0.04089566887700965,0.0308625854686314,-0.007990585715382813,-0.011311125987173671
2024-03-28,70789.5,0.0209423667702331,0.04121899098288981,0.0405200698542298,0.019299746959838004,0.007874934325265348
2024-03-29,69902.39,0.0186010156924922,0.04163816611879738,0.0209423667702331,-0.012610844258968124,0.010118105102534865
2024-03-30,69625.06,0.0080300834093001,0.03954876591732672,0.0186010156924922,-0.003975280351171404,-0.05148271081649295
2024-03-31,70975.19,0.0097987703520447,0.04060934853087983,0.0080300834093001,0.019205819347892707,0.02646380885823138
2024-04-01,69744.92,0.0276435762536385,0.04124777434985479,0.0097987703520447,-0.017485792846484206,0.015598856686682086
2024-04-02,65832.27,0.0389668316913509,0.03981338371308173,0.0276435762536385,-0.05773444286402142,-0.03539402620909336
2024-04-03,66165.28,0.0262314099085075,0.04013571966247462,0.0389668316913509,0.0050457104167998595,0.008063572506441238
2024-04-04,67952.17,0.026349471693499,0.039134290497448446,0.0262314099085075,0.026648221273049045,-0.02526762499166394
2024-04-05,67645.22,0.0320998149257032,0.039131768669404265,0.026349471693499,-0.004527381010808107,-6.444244342687195e-05
2024-04-06,69057.05,0.0131097601273725,0.03898651493470205,0.0320998149257032,0.020656280248116846,-0.0037188196002519197
2024-04-07,69212.92,0.0186237797093456,0.03915717241663739,0.0131097601273725,0.002254575827641736,0.004367793715173326
2024-04-08,71918.02,0.0234370234530116,0.04198313687856113,0.0186237797093456,0.03833930879615837,0.06968442562089815
2024-04-09,69300.16,0.0225524242812471,0.041336962651332174,0.0234370234530116,-0.03707964419934619,-0.015510955605283587
2024-04-10,70535.62,0.0308827593372127,0.03981039555799427,0.0225524242812471,0.01767061545476302,-0.03762900605340062
2024-04-11,70182.38,0.0237538380320189,0.03918294696888377,0.0308827593372127,-0.005020548074552493,-0.01588644726837828
2024-04-12,67100.66,0.031930332702658,0.03766237675436022,0.0237538380320189,-0.044903402380875396,-0.039579993760095425
2024-04-13,64400.13,0.0657487063544029,0.03631702364811192,0.031930332702658,-0.04107822825302532,-0.036375029720310745
2024-04-14,65368.71,0.0463807116164822,0.0398095728268551,0.0657487063544029,0.014928051865258382,0.0918208042964891
2024-04-15,63469.98,0.0322786100830112,0.0391842897078041,0.0463807116164822,-0.029476665398240592,-0.01583151295166901
2024-04-16,63815.33,0.0414927991473202,0.038404278885360014,0.0322786100830112,0.005426405410449192,-0.02010701101330342
2024-04-17,61691.74,0.0387461064758881,0.038643229979675134,0.0414927991473202,-0.03384339525165106,0.006202714765085281
2024-04-18,63529.11,0.0338335157229184,0.0386310389389064,0.0387461064758881,0.02934817768314136,-0.0003155265275359577
2024-04-19,64046.0,0.0661330589638831,0.03825512338647676,0.0338335157229184,0.008103349131825057,-0.0097785748824579
2024-04-20,64637.42,0.0218312883864567,0.03830717599528764,0.0661330589638831,0.00919192486735055,0.001359745390387605
2024-04-21,65043.98,0.0165942680007506,0.03899011398528601,0.0218312883864567,0.0062701564293204904,0.01767088500184973
2024-04-22,67047.55,0.0215471132142918,0.03913075100574114,0.0165942680007506,0.03033841268522489,0.003600502180860693
2024-04-23,66375.08,0.016258454104427,0.037593007725804456,0.0215471132142918,-0.010080384330042724,-0.04009056025731761
2024-04-24,64064.12,0.0231012754803447,0.03510652925983132,0.016258454104427,-0.03543722801657195,-0.06843093639193765
2024-04-25,64609.77,0.0234298856535103,0.03418117803299577,0.0231012754803447,0.008481180925402274,-0.026711989313026898
2024-04-26,63797.4,0.0209240389653945,0.03250100095087,0.0234298856535103,-0.012653200574029185,-0.05040425530831905
2024-04-27,63221.99,0.0199217132353909,0.03003931441470266,0.0209240389653945,-0.00906025349660242,-0.07876388312759737
2024-04-28,63127.52,0.0145179512850081,0.029956914747575072,0.0199217132353909,-0.0014953760818555777,-0.002746829928727985
2024-04-29,63856.23,0.0244313937164574,0.03096518206422285,0.0145179512850081,0.011477342563273839,0.03310323975712115
2024-04-30,60531.87,0.0347561066159958,0.030302516029482578,0.0244313937164574,-0.05346414695598677,-0.02163266770595929
2024-05-01,57798.25,0.0508456172599845,0.0328987395226115,0.0347561066159958,-0.04621150479470597,0.08220359831018646
2024-05-02,59341.56,0.0266385603607195,0.03406034974228813,0.0508456172599845,0.02635140529474138,0.03469959894421357
2024-05-03,62831.31,0.0362080998939216,0.031209513372435008,0.0266385603607195,0.05714361241184934,-0.08741097947773228
2024-05-04,63633.74,0.0281087505940731,0.030696612694279302,0.0362080998939216,0.01269031671372325,-0.0165706513067467
2024-05-05,63875.37,0.0166294411709725,0.030934313086935828,0.0281087505940731,0.0037900082470079797,0.0077137108770168735
2024-05-06,63487.38,0.0288852046691373,0.031939370465549205,0.0166294411709725,-0.006092695080968948,0.03197340899344916
2024-05-07,62881.31,0.0263064909937246,0.03031771090994469,0.0288852046691373,-0.00959216475244998,-0.05210737245399985
2024-05-08,61236.89,0.0232052440852551,0.029354009222070397,0.0263064909937246,-0.02649919553876838,-0.032302922874583626
2024-05-09,63281.5,0.0249528687524507,0.03012717123195206,0.0232052440852551,0.03284324165188815,0.025998325946925516
2024-05-10,60842.81,0.0290852081212878,0.028745753475309367,0.0249528687524507,-0.03929937430661122,-0.04693741217606114
2024-05-11,60893.41,0.0112267731651405,0.02969931327247836,0.0290852081212878,0.0008313056363013655,0.03263387227531691
2024-05-12,61300.23,0.0132012080776172,0.0294950421094001,0.0112267731651405,0.006658636294195133,-0.006901738269266989
2024-05-13,62762.63,0.0238041171589748,0.02980722250922105,0.0132012080776172,0.023576237684937884,0.010528545093397672
2024-05-14,61679.5,0.0250713201379451,0.030729819876163425,0.0238041171589748,-0.01740820979238165,0.03048278440042782
2024-05-15,66147.03,0.0275374504096507,0.030740500425849936,0.0250713201379451,0.06992836872700273,0.0003475026562906667
2024-05-16,65433.65,0.0206558090072277,0.03221953869184992,0.0275374504096507,-0.010843339459912697,0.04699204291568596
2024-05-17,66797.22,0.0208137344719229,0.031678397220235126,0.0206558090072277,0.02062481077620654,-0.016938087328334336
2024-05-18,66953.05,0.0114251482273891,0.030289195614724526,0.0208137344719229,0.002330164574751896,-0.04484390431746034
2024-05-19,66345.97,0.0138462828323717,0.031080327446572832,0.0114251482273891,-0.009108607059237031,0.02578399249466636
2024-05-20,69614.59,0.0258512456764383,0.03125024023626855,0.0138462828323717,0.048091151382957976,0.005452002665491037
2024-05-21,70210.11,0.0327870449354962,0.03339424858920487,0.0258512456764383,0.008518145947712346,0.06635662351343628
2024-05-22,69114.69,0.0179284318935752,0.031487602966298,0.0327870449354962,-0.015725019128214304,-0.05878977548449781
2024-05-23,67664.91,0.0298306606460032,0.029947673490211525,0.0179284318935752,-0.021199569182539447,-0.050142269990770004
2024-05-24,68766.69,0.0221280885630048,0.02845269408210338,0.0298306606460032,0.016151741275158185,-0.05120879033383765
2024-05-25,69117.72,0.0120437220870904,0.02785476975006509,0.0221280885630048,0.005091667119914536,-0.02123863399729713
2024-05-26,68536.0,0.0110283490196828,0.027666146054868203,0.0120437220870904,-0.008451983178892519,-0.006794715762968374
2024-05-27,69523.31,0.020539858087966,0.028500237236606673,0.0110283490196828,0.014302937359897735,0.02970290967390157
2024-05-28,68552.53,0.0246357292366764,0.028714169405039146,0.020539858087966,-0.014061779327491785,0.007478297093360881
2024-05-29,67609.31,0.0162869424024171,0.029575643783036388,0.0246357292366764,-0.013854617234528572,0.029560469014633453
2024-05-30,68294.56,0.0187185286291926,0.028693441237300516,0.0162869424024171,0.010084419335927764,-0.030282609107471
2024-05-31,67462.66,0.0159561671681413,0.028882056379037416,0.0187185286291926,-0.01225585516562429,0.006551947418075357
2024-06-01,67721.2,0.0083168977342308,0.02816429467813632,0.0159561671681413,0.003825017501639761,-0.02516548621162812
2024-06-02,67902.95,0.0134416082458299,0.027535016190159394,0.0083168977342308,0.0026802027338034416,-0.02259651883939601
2024-06-03,69038.11,0.0249320064911153,0.027732409513181868,0.0134416082458299,0.016579191100560962,0.007143237082469553
2024-06-04,70582.28,0.0183440687695402,0.02851066319188159,0.0249320064911153,0.02212045052821384,0.02767641660113671
2024-06-05,71160.53,0.0180559163942448,0.029121826976746732,0.0183440687695402,0.008159189280253443,0.021209796563919612
2024-06-06,70879.41,0.0141445045499486,0.029799310814434432,0.0180559163942448,-0.003958328439978826,0.022997305265000576
2024-06-07,69471.75,0.0224546696612873,0.02782451288158595,0.0141445045499486,-0.020059787217096375,-0.06856787570500798
2024-06-08,69333.78,0.0074532312599221,0.026726234108901032,0.0224546696612873,-0.001987961797170866,-0.04027175659231841
2024-06-09,69629.0,0.0078483995782712,0.026936785683496237,0.0074532312599221,0.004248913905441194,0.00784721604814948
2024-06-10,69463.47,0.0114798004935423,0.02784073901678768,0.0078483995782712,-0.002380144347787488,0.03300753029479204
2024-06-11,67362.39,0.0252813703806457,0.027405769656428828,0.0114798004935423,-0.03071415257554246,-0.015746817627647916
2024-06-12,68323.56,0.0320294242133546,0.028488469041097312,0.0252813703806457,0.014167805548830827,0.03874584772523662
2024-06-13,66861.78,0.0215381130682033,0.027394635157853727,0.0320294242133546,-0.02162715241962112,-0.03915221329009168
2024-06-14,65974.88,0.025205304285338,0.027201943824833496,0.0215381130682033,-0.013353439914520612,-0.007058762167834026
2024-06-15,66170.34,0.0069266520727731,0.02638419421140466,0.025205304285338,0.0029582627740053005,-0.03052330815286503
2024-06-16,66709.33,0.0084648967107723,0.02609125851834512,0.0069266520727731,0.008112496908290247,-0.01116479118318125
2024-06-17,66639.12,0.0211343233416277,0.02593376110219054,0.0084648967107723,-0.0010530307099608594,-0.0060546982374789764
2024-06-18,65249.47,0.0214918899822815,0.026570755782017275,0.0211343233416277,-0.021073868924833542,0.024265566982446408
2024-06-19,64822.25,0.015815731886579,0.027166129873942197,0.0214918899822815,-0.006569014944685914,0.022159767836376718
2024-06-20,64962.5,0.0177950765473854,0.0264576268204661,0.015815731886579,0.0021612717147959115,-0.0264265068024062
2024-06-21,64141.02,0.020202391838862,0.026522934167647574,0.0177950765473854,-0.012726083483182484,0.002465333663552014
2024-06-22,64288.62,0.0050473254137463,0.025737933179073972,0.020202391838862,0.002298535836185133,-0.030043896132439307
2024-06-23,63622.94,0.0078908122827472,0.025456757901063314,0.0050473254137463,-0.010408535551245397,-0.010984658735264632
2024-06-24,60043.19,0.0335594994058411,0.026218935160288715,0.0078908122827472,-0.05790996053663482,0.02950062163958654
2024-06-25,61905.7,0.0283872905019704,0.027773967034938403,0.0335594994058411,0.030548122857857837,0.057617278597719784
2024-06-26,60881.25,0.0142498138260664,0.026046800407466566,0.0283872905019704,-0.016687013920411813,-0.06420420876635399
2024-06-27,61565.75,0.0172307682417832,0.025535070712941758,0.0142498138260664,0.011180463879909262,-0.019842106255120447
2024-06-28,60291.76,0.0186432039952677,0.026099876346780248,0.0172307682417832,-0.020910265104290282,0.02187774729479665
2024-06-29,60874.48,0.0081203868800173,0.024824777625062685,0.0186432039952677,0.009618594959066395,-0.05008832445645663
2024-06-30,62805.98,0.0219591654473947,0.023407499736749396,0.0081203868800173,0.031236252598859756,-0.05878577960522754
2024-07-01,62916.75,0.0167056005407873,0.024779898351374487,0.0219591654473947,0.001762132092784548,0.05697630156509824
2024-07-02,62006.27,0.0129678979841366,0.02427033531311332,0.0167056005407873,-0.014576914999304828,-0.020777938556232372
2024-07-03,60329.81,0.0235246132446655,0.023016999989609994,0.0129678979841366,-0.027409165861710244,-0.0530217627032004
2024-07-04,58025.48,0.039625429884139,0.02453515196085536,0.0235246132446655,-0.03894411867973389,0.06387379026837592
2024-07-05,56632.29,0.0463533818333561,0.025982031317272062,0.039625429884139,-0.02430290718416134,0.057298332759221034
2024-07-06,58116.59,0.0182765253356933,0.02714975628785215,0.0463533818333561,0.025871848028585775,0.04396287391554058
2024-07-07,56399.38,0.0274968434151822,0.026867707227172688,0.0182765253356933,-0.029992999731344623,-0.010442979198897594
2024-07-08,56673.0,0.049664483307676,0.028258599115253847,0.0274968434151822,0.004839741307035722,0.05047271410008157
2024-07-09,57933.57,0.023343035699305,0.028041885303676736,0.049664483307676,0.021999102467363696,-0.007698508605914223
2024-07-10,57706.16,0.0266279189437176,0.02744715654152506,0.023343035699305,-0.00393308239569494,-0.021436720368193333
2024-07-11,57349.32,0.0274711258650588,0.026720684865313794,0.0266279189437176,-0.006202940427717634,-0.026824596233500118
2024-07-12,57802.96,0.0243772775666812,0.026667288096739426,0.0274711258650588,0.007878998952977804,-0.0020003301648900927
2024-07-13,59503.62,0.0234303447398616,0.025084142929613494,0.0243772775666812,0.028997165597266505,-0.06120175865830612
2024-07-14,60884.03,0.0252422928350335,0.02660818738086218,0.0234303447398616,0.022933756120571688,0.05898307399744385
2024-07-15,64382.91,0.0251765521086761,0.02667844159211155,0.0252422928350335,0.05587731806435073,0.002636843550044381
2024-07-16,64641.97,0.0306155170574954,0.02963826278246505,0.0251765521086761,0.004015665011647246,0.10521037988095976
2024-07-17,64272.16,0.021970896061016,0.03059773166615495,0.0306155170574954,-0.005737323199796903,0.031859689521533244
2024-07-18,64023.73,0.0171210552028094,0.03173825169724148,0.021970896061016,-0.0038727711465020146,0.03659675392507006
2024-07-19,66756.25,0.0284497658269199,0.031069990142776848,0.0171210552028094,0.04179412996857753,-0.02128022543236439
2024-07-20,67141.97,0.0119420697710903,0.03265799770798493,0.0284497658269199,0.005761406939675562,0.04984737235141342
2024-07-21,68024.72,0.0224367927512993,0.03358472310297325,0.0119420697710903,0.013061835731520264,0.027981515523479022
2024-07-22,67674.0,0.0189595158934828,0.03526047990362467,0.0224367927512993,-0.005169109641229538,0.04869149328196598
2024-07-23,65927.72,0.026716506365937,0.036238536231971014,0.0189595158934828,-0.026143068491167005,0.02736030210580085
2024-07-24,65291.64,0.0229528360156767,0.03452091344913008,0.026716506365937,-0.009694986810415546,-0.04855776209747552
2024-07-25,65632.19,0.0274098001667172,0.033202130982795286,0.0229528360156767,0.005202273230830433,-0.038951267220170796
2024-07-26,67942.62,0.0218392990554387,0.033500002329104904,0.0274098001667172,0.034597248612132855,0.00893144826516924
2024-07-27,68624.72,0.0276049717236955,0.03232408705706995,0.0218392990554387,0.0099892942484359,-0.03573282672482705
2024-07-28,68011.22,0.0152550926550965,0.0297022617754517,0.0276049717236955,-0.008980128110547554,-0.08458948466701703
2024-07-29,67221.38,0.0269095054305747,0.028395079083644855,0.0152550926550965,-0.011681339874589249,-0.045007338513455224
2024-07-30,66205.69,0.0222782428863647,0.027914226362236946,0.0269095054305747,-0.01522494077955311,-0.0170793941250091
2024-07-31,64965.86,0.0249961433598334,0.027489162129294975,0.0222782428863647,-0.01890450976655269,-0.01534464172252229
2024-08-01,65126.98,0.0330082394123242,0.026501411878556657,0.0249961433598334,0.002477001537975521,-0.036593812594675965
2024-08-02,61320.76,0.0425010983861654,0.02729764148246344,0.0330082394123242,-0.060220454756880544,0.02960229586607172
2024-08-03,60593.6,0.0229014643410017,0.028119505910562285,0.0425010983861654,-0.011929170988479105,0.02966319016485294
2024-08-04,58693.63,0.0309896049055646,0.02797387325530782,0.0229014643410017,-0.03185807387902982,-0.005192519496431873
2024-08-05,54709.68,0.1136838914657829,0.030659412433544073,0.0309896049055646,-0.07029054402148249,0.091668732774702
2024-08-06,56223.51,0.0478669307948571,0.0346483228541713,0.1136838914657829,0.027294337790755102,0.12230961266922935
2024-08-07,55299.86,0.0337616363647732,0.03394870741604737,0.0478669307948571,-0.016564619947752553,-0.020398541872577856
2024-08-08,62354.71,0.0542658188315014,0.03356536964598568,0.0337616363647732,0.1200688336925482,-0.011355909944473889
2024-08-09,60798.35,0.0249861108224663,0.03105606646292808,0.0542658188315014,-0.025276560126082943,-0.07770070364660367
2024-08-10,60948.93,0.0146888819270837,0.030158891253174155,0.0249861108224663,0.002473649953946224,-0.0293143862224505
2024-08-11,59004.37,0.0268716685068956,0.03081171968427455,0.0146888819270837,-0.032424791440480535,0.021415346532594373
2024-08-12,59069.45,0.0466035139641003,0.03133039022505042,0.0268716685068956,0.0011023613293858947,0.016693433368593934
2024-08-13,60606.02,0.0300841779577861,0.03141406736983347,0.0466035139641003,0.025680357786545864,0.002667237795918636
2024-08-14,58998.44,0.0298480641584635,0.031117000649285163,0.0300841779577861,-0.026883225197185136,-0.009501483497490906
2024-08-15,57638.5,0.0367581656378048,0.03044305864453088,0.0298480641584635,-0.02332025568021666,-0.02189630546039815
2024-08-16,58983.8,0.0276366981385456,0.03077665360596176,0.0367581656378048,0.023072082733591095,0.010898393705415762
2024-08-17,59324.28,0.0105364466860515,0.029065639556645616,0.0276366981385456,0.0057558357805814805,-0.05719969747743814
2024-08-18,59351.21,0.0197051663633351,0.02931464327423258,0.0105364466860515,0.0004538426672977744,0.00853045636244179
2024-08-19,59259.19,0.023158336686636,0.030257885581682763,0.0197051663633351,-0.0015516349065858189,0.03166966926084215
2024-08-20,59368.07,0.0289050568400159,0.0293114867676625,0.023158336686636,0.0018356662806532638,-0.03177735184438896
2024-08-21,61199.88,0.0236112516719917,0.029542557704152848,0.0289050568400159,0.030388688978530424,0.007852378740646414
2024-08-22,60448.67,0.0188720721862819,0.029926403288965266,0.0236112516719917,-0.012350653567542301,0.012909286089156594
2024-08-23,64162.45,0.034494085075407,0.02977284082896359,0.0188720721862819,0.05962357345023455,-0.005144547504987115
2024-08-24,63871.54,0.0151285853060379,0.030571738287725067,0.034494085075407,-0.004544269855479242,0.026479400449859285
2024-08-25,64513.94,0.010000183041707,0.030220482824878245,0.0151285853060379,0.010007445722043372,-0.011556063107196432
2024-08-26,62996.18,0.0185286735097747,0.029590869245439796,0.010000183041707,-0.02380723484877397,-0.021054091409849568
2024-08-27,59515.27,0.0364503469023257,0.028095765544367064,0.0185286735097747,-0.05684117135154693,-0.051846969691884515
2024-08-28,59208.69,0.0364414477293716,0.028764135356062988,0.0364503469023257,-0.005164596623156377,0.023510438361470685
2024-08-29,59216.23,0.0244100360334015,0.029032400495367892,0.0364414477293716,0.00012733806381616457,0.009283153804035355
2024-08-30,59230.55,0.0261283367041292,0.029166912727106895,0.0244100360334015,0.00024179635900225372,0.004622476239132839
2024-08-31,59021.74,0.0096623800939943,0.028677724547966178,0.0261283367041292,-0.00353160546873606,-0.016914267765658773
2024-09-01,57316.11,0.0268790594134034,0.027660730326121926,0.0096623800939943,-0.029324114574521082,-0.036106943672080685
2024-09-02,59346.77,0.0207811604441464,0.029651782023754073,0.0268790594134034,0.034815960622400326,0.06950849603918598
2024-09-03,57855.74,0.0224586816817078,0.029054798114207647,0.0207811604441464,-0.025445025816100534,-0.02033858851738642
2024-09-04,58161.12,0.0345866347128735,0.03015931268763652,0.0224586816817078,0.0052644194176196665,0.037310116906733005
2024-09-05,56083.25,0.0249051839619687,0.03035325521361279,0.0345866347128735,-0.03637989628978156,0.0064100135481257444
2024-09-06,53626.82,0.0437396351265221,0.03121308096841251,0.0249051839619687,-0.04478787790533029,0.027933501201113656
2024-09-07,53957.62,0.0130751715455021,0.03312496394180579,0.0437396351265221,0.0061496075548942,0.059449926998678425
2024-09-08,54533.3,0.0246465645419165,0.03265886421834144,0.0130751715455021,0.010612600632319913,-0.01417088474232187
2024-09-09,57231.61,0.0304373133677766,0.03267945444396164,0.0246465645419165,0.048294843870454005,0.0006302649570222462
2024-09-10,57614.45,0.0237623919579515,0.032004931215354304,0.0304373133677766,0.006667036171411679,-0.020856584563945808
2024-09-11,57485.16,0.032475725584266,0.031257171638943815,0.0237623919579515,-0.0022465767586591187,-0.023641149108039907
2024-09-12,58144.12,0.0249200582715665,0.029940683587998354,0.032475725584266,0.011397928516514947,-0.04303063163793884
2024-09-13,60649.27,0.0232078527446446,0.029650014103296003,0.0249200582715665,0.04218284299079293,-0.009755609558464802
2024-09-14,60030.98,0.0120314761595715,0.028841313113480618,0.0232078527446446,-0.010246836742675347,-0.027653758741997044
2024-09-15,59438.4,0.0115381262908937,0.028719012437535527,0.0120314761595715,-0.009920280154438766,-0.004249484651715282
2024-09-16,57964.42,0.0215022413475566,0.029237263627406158,0.0115381262908937,-0.025111108112629232,0.017884689599220287
2024-09-17,60251.48,0.0332516739162985,0.029184706031739224,0.0215022413475566,0.03869776235024167,-0.0017992412837898224
2024-09-18,60698.12,0.0226603809154237,0.02927102281264504,0.0332516739162985,0.007385589207981129,0.002953238129003149
2024-09-19,62954.91,0.0257464843942934,0.028502492133579176,0.0226603809154237,0.036506030267675536,-0.026606517418423344
2024-09-20,63191.8,0.0200645926592804,0.028661595252072545,0.0257464843942934,0.003755790039444097,0.005566555388444963
2024-09-21,63241.26,0.007896006338643,0.027370767712611207,0.0200645926592804,0.0007823903419407731,-0.04608251004489713
2024-09-22,63864.09,0.0209357761767666,0.027950134685172125,0.007896006338643,0.009800295345688789,0.02094644630050661
2024-09-23,63230.12,0.0222655273031333,0.02803206310702962,0.0209357761767666,-0.009976461685121587,0.0029269476218784594
2024-09-24,64595.22,0.020118925689895,0.02763151104287034,0.0222655273031333,0.02135964434080178,-0.014392140075034017
2024-09-25,63263.59,0.0147379957037679,0.028309924785787983,0.020118925689895,-0.020830448054581736,0.02425561638702973
2024-09-26,65092.17,0.0196822515427543,0.02733221529145745,0.0147379957037679,0.02849429929478175,-0.035146388524588124
2024-09-27,65893.16,0.0193419530822075,0.02883594169430974,0.0196822515427543,0.012230377011793497,0.05355653077613925
2024-09-28,65696.64,0.0093564081490098,0.02856995092970652,0.0193419530822075,-0.002986859864543576,-0.00926708586956584
2024-09-29,65679.16,0.0082494481351971,0.02875554190891987,0.0093564081490098,-0.00026610684925454104,0.006475012021471905
2024-09-30,63477.15,0.0207970609568117,0.02950475556717842,0.0082494481351971,-0.0341016771609194,0.025720945304072495
2024-10-01,60760.76,0.0306839820454411,0.029641464893261107,0.0207970609568117,-0.04373581274166267,0.004622766035580487
2024-10-02,60836.91,0.0265000579810264,0.030787280596496148,0.0306839820454411,0.0012524912682114768,0.03792741498249562
2024-10-03,60894.02,0.021830483898221,0.030396515060932994,0.0265000579810264,0.0009382989876111744,-0.012773671351248017
2024-10-04,62219.39,0.0224585782873014,0.031029344135571325,0.021830483898221,0.021531711365598016,0.02060537608706772
2024-10-05,62035.0,0.0093465166903793,0.030306908627907914,0.0224585782873014,-0.0029679456050287815,-0.02355764772722537
2024-10-06,62609.51,0.0125967726221035,0.030117454517226038,0.0093465166903793,0.009218441605916613,-0.006270806067145023
2024-10-07,62456.46,0.0311710362068512,0.0313444176908572,0.0125967726221035,-0.0024475095247943105,0.039931299156020915
2024-10-08,62145.62,0.023716550737413,0.030654335918804614,0.0311710362068512,-0.004989333160777747,-0.02226206921911581
2024-10-09,60751.93,0.0186771380318845,0.030169580158365215,0.023716550737413,-0.022681489551837932,-0.015939980707482683
2024-10-10,60104.2,0.0228956552394825,0.03074736116351456,0.0186771380318845,-0.010719128636465416,0.018970037539924288
2024-10-11,62430.98,0.018442127423922,0.03016746718067331,0.0228956552394825,0.037981903904861905,-0.019040076687875752
2024-10-12,63280.48,0.0100705197053665,0.031042117589465307,0.018442127423922,0.013515282233910766,0.028580816236545774
2024-10-13,62821.43,0.0134282043255488,0.03091617896322088,0.0100705197053665,-0.007280651463101602,-0.004065276377658956
2024-10-14,66431.2,0.0295470996701748,0.030987012727540373,0.0134282043255488,0.05587056833910127,0.002288534510100244
2024-10-15,66742.8,0.0421535732605286,0.03190861076022967,0.0295470996701748,0.004679600652305325,0.029307730723487056
2024-10-16,67779.38,0.0190665686090576,0.032024954265687335,0.0421535732605286,0.015411592602041134,0.0036395165461239384
2024-10-17,67424.14,0.0163678693404171,0.031501591033852944,0.0190665686090576,-0.00525490486441205,-0.01647736613294141
2024-10-18,68205.97,0.0167627690519452,0.030915274394222664,0.0163678693404171,0.011528983643615542,-0.018787674832804156
2024-10-19,68329.61,0.0071000333115821,0.029853698323912353,0.0167627690519452,0.0018111035057078062,-0.03494164962194501
2024-10-20,69116.36,0.0092118318990513,0.029755123678740496,0.0071000333115821,0.011448259891163359,-0.0033073874543238227
2024-10-21,67760.17,0.0214721021224273,0.030892052242728764,0.0092118318990513,-0.019816901876636008,0.0374976001884378
2024-10-22,67690.38,0.0194069563308591,0.03022318907619703,0.0214721021224273,-0.0010304868629303875,-0.021889461906745053
2024-10-23,66427.69,0.0186341370142244,0.03032670541682465,0.0194069563308591,-0.018830084705695836,0.00341921129161919
2024-10-24,68156.42,0.0209343121634501,0.03054879988526589,0.0186341370142244,0.025691370040668765,0.007296709989804299
2024-10-25,66524.56,0.0230741003882621,0.030939871506789215,0.0209343121634501,-0.02423415488046263,0.012720290934688456
2024-10-26,67053.75,0.0193008631329962,0.03139016143979769,0.0230741003882621,0.00792333378837199,0.014448821717389662
2024-10-27,67942.78,0.0106223223007713,0.030152532962355212,0.0193008631329962,0.013171343777377687,-0.040225582210578835
2024-10-28,69908.62,0.019068117301433,0.03110355663389841,0.0106223223007713,0.028523080311017024,0.03105324220224368
2024-10-29,72709.72,0.0263000981810215,0.03127035823681325,0.019068117301433,0.039286115076178414,0.005348453785112997
2024-10-30,72337.73,0.0194525146476964,0.032591401370197545,0.0263000981810215,-0.00512922930470706,0.04137786428090374
2024-10-31,70207.27,0.0205874799661227,0.03203162159906012,0.0194525146476964,-0.029893979512021055,-0.017324902084179652
2024-11-01,69481.08,0.0354618101849326,0.03177830815067975,0.0205874799661227,-0.010397381629682734,-0.007939666446166766
2024-11-02,69335.5,0.0116522611810871,0.032455509313737994,0.0354618101849326,-0.002097444748610461,0.021086283882185405
2024-11-03,68743.94,0.0218363243775933,0.032727222122593026,0.0116522611810871,-0.008568453337840797,0.00833700511359092
2024-11-04,67809.78,0.0225913096618378,0.03389495612824989,0.0218363243775933,-0.01368215487584766,0.03505900414277678
2024-11-05,69385.03,0.0288010386086192,0.03534354622738777,0.0225913096618378,0.022964705861740452,0.041849591310826266
2024-11-06,75636.64,0.0405365237349114,0.034779222367786966,0.0288010386086192,0.08626968366932751,-0.01609565777693108
2024-11-07,75916.0,0.0210497519085515,0.03041721178336237,0.0405365237349114,0.003686644012356509,-0.13401152479446896
2024-11-08,76559.39,0.0197701819753551,0.029147783124712327,0.0210497519085515,0.008439313631178533,-0.0426297659843954
2024-11-09,76717.25,0.0094224879105271,0.027004290987872496,0.0197701819753551,0.0020598057970741186,-0.07638308044052292
2024-11-10,80425.42,0.0357365201922883,0.02749612650026667,0.0094224879105271,0.04720371006528904,0.01804936136206404
2024-11-11,88755.28,0.0403773386827476,0.028845521895628883,0.0357365201922883,0.09855262417542082,0.04790962043486361
2024-11-12,88051.0,0.0430791741310151,0.03317275560333869,0.0403773386827476,-0.0079667274824945,0.1397741640261966
2024-11-13,90496.12,0.0433838970862074,0.03166242312991729,0.0430791741310151,0.027390784797492053,-0.04659833714779314
2024-11-14,87319.19,0.0459337752231875,0.032135398871281896,0.0433838970862074,-0.035736721445292545,0.01482760358001658
2024-11-15,91067.08,0.0348937097415233,0.03254997198172364,0.0459337752231875,0.04202612240429859,0.012818316768548135
2024-11-16,90604.66,0.0162156742405413,0.030894573515389236,0.0348937097415233,-0.005090731212846435,-0.052195953784678596
2024-11-17,89869.3,0.0181849470521312,0.030913714559748496,0.0162156742405413,-0.008149253993442247,0.0006193682293188982
2024-11-18,90520.75,0.0401059183066933,0.031245827511772215,0.0181849470521312,0.007222713581438189,0.010685925322274513
2024-11-19,92416.12,0.026466887202525,0.031824753595542356,0.0401059183066933,0.020722316113128823,0.018358554287919784
2024-11-20,94374.05,0.0214320570227691,0.03205786715952758,0.026466887202525,0.020964718987440803,0.007298216508392609
2024-11-21,98450.25,0.0304459165223391,0.03326753224852677,0.0214320570227691,0.04228520314863317,0.03703929536470474
2024-11-22,99008.66,0.0225443723054274,0.0336922421584437,0.0304459165223391,0.005655976614380546,0.012685694038394951
2024-11-23,97776.41,0.0139073330847875,0.03368596439029942,0.0225443723054274,-0.012523979654544819,-0.00018634417518693076
2024-11-24,98030.97,0.0211854962081756,0.033832492042676764,0.0139073330847875,0.002600107752976523,0.004340380102074914
2024-11-25,93004.58,0.0341443834025803,0.035370802983102426,0.0211854962081756,-0.05263470990232889,0.04446506156660076
2024-11-26,91922.17,0.0395521567395302,0.033632476092023786,0.0341443834025803,-0.011706498505857556,-0.05039455481949972
2024-11-27,95956.27,0.02529847192098,0.0343583812870258,0.0395521567395302,0.04295032610675331,0.021353835099103626
2024-11-28,95664.38,0.0191978971354779,0.033082633487759104,0.02529847192098,-0.0030465424865514434,-0.03783750896404212
2024-11-29,97510.27,0.018952063380241,0.03194155492380094,0.0191978971354779,0.019111681423149524,-0.03510065240239518
2024-11-30,96468.84,0.0122855480674249,0.030762772451842023,0.018952063380241,-0.010737651143364897,-0.037602551950444076
